G,40,26,25,20,10,20,530,25,29,17,12,23,29,31,16,23,23,4,704,5,10,12,1,51,0,12,9,11,21,34,103,27,88,32,544,48,485,518,554,0,0,0,1,1,8,43,11,104,558,11,0,520,112,0,0,0,96,19,777,1,95,131,39,6,37,9,27,18,34,2,565,4,3,0,0,12,0,787,0,0,0,2,127,1,51,1,2,63,51,8,7,14,0,42,19,7,451,9,12,6,5,12,75,17,3,2,0,1,83,3,7,100,31,7,4,22,245,1,0,0,63,49,1,0,359,0,27,785,0,1,0,779,780,682,670,1,1,1,0,53,20,14,32,11,34,0,3,20,41,1,76,0,1,105,68,10,35,78,27,16,12,119,1,13,45,0,1,3,0,0,443,347,18,108,5,54,2,0,25,17,70,18,9,49,1,61,0,2,22,62,0,30,79,61,20,14,9,29,2,48,2,3,6,450,196,140,0,62,26,40,7,53,59,11,51,4,1,134,95,0,76,5,4,0,0,4,1,0,3,10,159,2,8,9,2,25,19,1,6,3,188,92,15,42,96,82,73,11,12,85,7,4,8,8,134,9,6,15
P,25,24,385,18,22,13,15,524,16,547,38,31,23,8,8,7,63,59,4,538,3,36,7,0,2,1,12,2,151,41,0,12,35,47,0,10,11,12,2,0,0,0,0,777,0,4,15,6,29,62,0,187,2,0,0,0,0,633,7,0,1,0,57,84,5,2,0,1,11,0,1,462,2,0,0,11,0,0,0,0,0,0,0,33,0,29,38,1,11,15,10,7,537,39,10,2,16,1,0,0,0,0,0,0,1,0,0,1,0,0,55,25,11,246,0,0,16,0,0,2,188,5,1,0,0,0,0,0,0,0,0,1,0,0,0,0,0,0,1,0,1,6,8,519,2,2,1,0,0,0,520,2,1,627,3,45,113,33,54,10,4,4,2,4,0,754,1,0,0,0,0,0,1,0,0,42,3,14,400,207,6,2,11,3,3,479,7,0,8,3,0,456,12,8,66,173,1,2,0,6,1,3,22,4,2,1,0,4,1,447,5,6,81,5,55,45,2,1,3,52,0,0,77,0,0,0,0,0,0,2,0,1,17,2,14,2,70,2,2,18,466,132,421,39,122,29,17,0,18,11,18,8,7,1,11,8,2,479
A,159,61,53,45,69,41,36,40,283,43,34,65,279,74,25,506,128,41,27,20,5,393,12,238,13,51,48,16,65,63,23,82,91,27,15,4,41,38,99,8,4,1,34,0,75,43,64,154,20,15,5,53,452,2,438,26,127,5,3,2,7,410,52,18,116,70,0,324,24,0,108,9,15,1,740,19,12,0,0,23,38,79,121,72,16,18,10,23,12,20,8,5,24,143,146,9,226,47,59,13,10,574,608,55,11,24,30,57,79,21,71,23,20,108,33,95,31,13,16,11,167,58,10,4,377,101,157,3,0,0,26,6,7,59,85,282,6,83,644,594,104,24,7,21,76,1,10,642,474,39,123,4,318,48,44,15,25,37,37,40,32,57,4,30,73,25,34,7,1,1,158,322,22,90,1,42,1,586,17,31,192,20,5,285,12,36,32,5,72,66,59,27,200,113,52,30,57,445,3,80,4,11,133,23,483,19,0,25,225,85,12,8,30,8,73,33,14,339,49,44,87,10,319,0,11,4,18,6,7,16,25,3,55,31,106,53,44,23,8,13,15,189,46,105,56,69,42,35,13,88,22,57,55,13,37,7,7,9
V,17,5,6,11,9,11,13,6,13,9,15,114,28,15,135,4,50,4,2,5,2,5,380,8,32,77,30,547,6,14,13,21,293,7,5,2,12,19,20,58,156,1,2,1,12,11,12,4,9,15,15,1,108,438,237,203,109,0,0,1,64,9,16,8,6,21,81,4,5,10,3,0,0,18,15,0,1,0,9,642,690,81,30,51,0,7,6,5,26,20,3,14,8,13,12,0,8,6,0,23,12,2,31,39,4,11,59,139,7,6,12,2,6,26,470,4,2,11,353,0,30,1,0,98,4,563,67,1,0,0,5,0,0,3,0,62,25,21,40,21,45,4,1,4,4,117,6,19,132,282,0,17,0,0,4,20,20,20,15,11,7,3,322,3,369,0,74,5,209,187,4,0,4,13,1,35,323,121,13,380,7,9,5,61,36,19,29,0,2,4,18,1,2,7,80,3,24,40,2,85,23,92,5,1,16,6,0,21,39,20,26,15,21,3,35,72,109,8,16,36,79,191,5,1,12,0,25,3,285,1,2,3,14,1,6,3,1,21,36,10,5,14,11,7,35,9,30,9,7,10,142,35,21,45,8,4,4,4
L,8,10,5,5,8,2,1,5,4,6,14,52,23,19,156,3,49,20,1,5,31,0,12,5,5,37,1,40,5,17,192,50,7,8,10,6,42,8,4,7,80,1,6,0,9,4,69,1,18,17,73,0,39,39,34,86,3,0,0,32,53,3,54,1,4,9,102,3,4,429,83,3,28,582,0,1,6,0,5,13,5,65,10,44,0,5,129,2,29,157,1,42,8,7,11,3,3,20,2,519,479,9,19,580,4,15,589,27,11,8,1,8,8,10,89,4,5,34,94,2,49,1,1,500,1,58,48,0,3,0,28,0,0,1,4,1,549,66,48,29,42,9,2,2,9,484,6,0,12,49,6,535,3,4,3,34,216,10,36,2,77,16,146,1,3,0,6,499,83,138,1,1,4,31,1,25,31,1,16,2,13,65,36,44,48,26,82,0,3,6,396,3,0,1,160,3,3,44,64,404,19,499,9,7,12,0,1,82,10,1,10,17,1,12,0,70,85,14,4,76,51,105,4,0,543,24,84,3,294,21,4,0,24,4,8,25,16,37,543,16,5,120,76,17,5,20,127,52,1,51,28,22,32,20,21,7,1,5
I,1,3,6,1,3,10,15,11,8,3,4,14,8,21,252,2,12,1,0,0,1,1,75,1,4,39,11,38,1,0,6,7,0,6,2,2,13,1,3,6,517,0,1,0,15,2,16,1,0,1,1,1,32,289,42,337,60,1,0,6,8,2,3,10,6,10,261,3,1,19,2,0,5,71,1,0,0,0,21,95,15,261,31,507,1,1,36,4,26,4,0,4,1,8,2,0,1,18,0,77,28,0,5,61,3,2,34,56,10,1,6,2,0,9,67,2,1,11,315,1,12,0,0,82,6,32,81,0,0,0,6,0,0,0,0,1,118,43,6,1,13,0,1,0,4,154,0,1,31,383,1,86,0,0,1,13,27,7,4,8,5,2,131,1,32,0,10,8,396,291,3,0,1,5,0,25,285,13,10,9,4,14,4,16,89,8,42,0,1,0,167,4,0,2,42,3,0,22,8,65,4,117,7,0,3,1,0,2,12,6,4,22,0,1,11,40,315,12,0,33,54,314,2,0,10,0,46,2,174,1,1,0,2,1,1,3,1,7,55,4,0,10,2,3,9,6,13,11,34,17,307,7,20,4,11,4,1,1
M,0,1,0,0,2,1,0,0,1,1,1,2,0,12,3,2,3,3,1,0,0,1,4,0,0,9,0,5,0,0,0,0,1,1,4,1,2,16,1,9,9,1,2,0,2,0,10,0,0,1,32,1,1,4,4,11,30,0,0,2,7,11,1,0,0,16,137,0,1,89,1,0,1,15,0,0,1,0,7,3,6,72,8,37,2,0,1,5,0,7,1,1,3,2,3,1,0,2,5,103,24,2,5,11,3,3,38,1,2,0,4,0,0,1,2,0,1,39,3,1,7,0,3,19,0,12,325,0,0,0,620,0,0,1,3,0,35,25,0,13,8,3,2,2,2,0,1,0,6,10,0,56,36,0,1,2,7,4,5,1,26,0,22,0,2,0,35,160,9,52,1,5,4,0,0,4,1,1,2,4,0,8,29,3,4,2,48,0,1,0,71,0,0,1,1,0,0,31,6,24,7,13,0,2,5,1,3,18,1,15,4,6,0,1,2,5,48,38,6,17,61,5,1,1,113,2,15,2,14,35,0,0,2,0,0,2,2,7,3,0,0,2,5,0,0,3,6,0,0,0,1,1,5,19,1,0,0,0
C,5,6,1,4,0,0,12,0,6,1,0,0,0,0,0,2,1,2,0,1,2,0,0,14,0,0,0,0,0,0,0,1,0,0,0,1,0,0,22,0,0,0,1,0,14,0,0,0,1,1,2,0,0,0,0,0,10,0,1,0,4,4,0,6,0,0,0,0,0,0,0,0,0,0,0,0,0,0,1,0,2,1,7,0,0,0,0,0,4,0,0,0,0,1,0,0,1,0,0,0,0,0,24,0,0,0,0,0,0,0,0,0,1,1,0,0,0,0,0,0,3,0,0,0,2,0,1,0,0,1,1,0,0,0,1,0,0,0,0,0,0,2,0,0,0,0,1,3,4,1,0,0,13,0,0,5,5,0,0,0,0,0,1,0,1,0,0,1,1,0,5,77,0,0,0,6,0,3,0,3,0,0,0,0,0,0,1,1,0,0,3,0,1,0,0,10,0,4,1,1,0,1,1,0,0,0,0,24,78,1,0,0,0,0,0,0,0,0,0,0,3,1,0,0,0,1,1,0,0,3,1,0,6,15,0,25,0,0,0,550,0,1,1,0,0,59,0,0,59,0,0,0,0,0,3,0,565,3
F,2,0,3,53,2,3,1,1,2,18,1,3,3,22,5,9,3,4,0,0,410,3,12,0,3,10,2,2,2,2,22,21,6,0,2,554,12,0,1,4,13,61,15,0,0,1,0,0,1,0,416,0,1,0,0,49,2,0,0,320,21,4,8,35,10,4,7,2,8,22,2,0,25,25,0,1,69,0,678,1,1,224,11,26,0,5,9,12,6,80,3,59,8,3,1,30,7,2,0,1,4,32,0,5,1,14,2,0,0,1,1,3,0,5,63,28,1,0,3,0,8,0,0,18,3,2,1,0,15,0,18,0,0,1,0,0,11,8,4,0,2,0,0,0,2,20,0,0,3,7,1,43,1,1,52,14,23,9,4,2,130,2,1,0,0,0,12,94,56,100,1,0,0,14,0,20,2,0,6,2,13,8,36,0,4,1,428,43,0,2,3,1,0,0,0,5,0,24,107,41,3,16,0,3,3,11,0,382,119,90,1,13,4,4,0,0,47,7,1,40,5,2,3,112,81,0,22,465,1,0,4,0,1,0,44,2,1,543,105,38,0,5,2,7,2,11,16,21,0,5,24,34,4,21,9,3,1,1
Y,3,2,2,378,1,2,0,0,4,0,0,0,2,10,3,0,3,10,0,6,244,0,25,0,20,51,2,0,9,2,12,7,2,20,0,70,12,0,6,9,4,586,649,0,0,1,4,0,0,0,100,0,0,0,0,0,1,0,0,328,3,1,77,6,1,3,125,13,11,100,4,2,14,29,0,0,31,0,66,0,0,1,0,3,4,1,1,16,3,137,0,32,7,5,1,1,0,8,0,0,8,4,0,2,2,479,0,0,0,1,1,4,1,0,32,59,1,0,0,1,0,0,0,3,3,0,1,0,53,0,5,0,0,10,0,0,1,32,3,0,5,4,0,3,0,3,0,0,0,3,0,3,1,0,133,24,10,4,9,9,50,3,0,1,1,0,1,0,27,5,1,0,0,13,0,11,0,1,0,0,5,5,93,0,10,0,17,700,6,6,0,0,3,0,0,2,0,7,524,15,2,6,2,0,1,3,0,32,27,19,2,4,13,13,2,7,33,4,4,333,0,5,2,2,5,3,73,109,0,5,1,0,1,0,562,13,1,38,3,26,0,2,3,18,12,4,15,14,0,12,10,15,16,26,3,7,0,1
W,0,1,1,3,6,0,0,0,0,0,0,1,1,3,0,0,0,1,0,0,1,0,3,0,0,0,0,0,1,1,11,1,0,3,0,1,0,0,1,0,0,31,3,0,0,0,0,0,0,0,43,0,0,0,0,69,0,0,0,15,1,0,1,90,1,5,0,0,569,105,9,0,64,47,0,0,65,0,0,0,0,0,0,0,0,0,1,1,4,20,2,12,14,4,0,11,0,3,0,0,1,1,0,0,0,47,0,0,3,0,2,0,0,0,13,0,0,0,0,0,0,0,0,1,0,1,0,0,92,0,0,0,0,1,0,0,4,2,0,0,4,0,0,0,1,2,3,0,0,0,0,0,0,0,441,1,0,2,1,0,314,1,0,0,0,0,0,0,1,1,0,0,0,0,0,5,2,0,11,0,4,4,10,15,3,0,19,19,0,4,0,0,0,0,14,0,0,8,45,0,0,4,0,2,0,0,0,8,2,19,2,16,2,0,0,4,0,0,0,18,1,0,1,666,2,0,2,59,0,0,0,0,1,1,6,2,0,1,0,13,0,0,0,2,0,4,9,1,0,1,1,58,1,5,1,0,0,0
H,3,3,0,49,11,11,0,4,0,2,6,3,3,7,3,18,18,22,0,18,39,0,1,3,7,5,10,0,12,0,4,0,2,9,6,1,1,2,32,1,1,65,15,0,1,1,2,1,8,0,72,1,0,0,0,0,0,52,0,4,5,2,1,3,2,5,1,7,7,0,1,31,108,0,0,0,269,0,0,0,0,0,0,0,1,27,5,3,0,0,1,2,30,0,0,1,8,6,0,10,6,2,0,0,1,54,0,1,1,1,0,8,7,1,0,21,7,10,0,2,2,4,19,0,0,0,0,0,625,0,0,0,0,0,1,0,9,20,0,2,2,11,9,18,0,1,0,1,0,0,0,0,9,0,8,132,8,0,1,0,4,3,30,17,0,0,0,0,2,1,0,0,1,6,5,7,1,0,15,3,3,1,439,0,4,1,26,6,4,12,2,0,4,25,3,2,10,0,2,1,2,2,1,2,0,5,782,1,3,2,0,12,2,25,0,5,2,2,1,5,1,0,1,1,2,7,8,78,0,2,4,0,2,5,2,5,2,1,1,0,1,2,4,59,3,1,9,0,1,5,3,4,3,6,10,7,2,2
K,3,8,1,1,1,24,3,0,2,3,1,6,4,2,5,5,11,22,1,2,0,14,4,13,23,25,19,0,0,7,6,6,5,16,9,4,8,8,0,25,1,0,1,0,11,1,10,3,18,60,2,10,0,0,0,0,0,0,0,0,16,5,6,44,18,11,0,28,3,0,0,32,26,0,0,1,2,0,0,0,0,0,0,0,12,0,27,3,0,2,9,0,0,5,7,0,2,36,0,0,10,5,0,0,20,9,0,34,21,8,4,27,2,14,1,71,8,127,0,2,5,15,41,0,0,0,0,0,0,0,5,0,0,0,0,0,0,19,0,0,121,31,3,7,10,0,360,1,0,0,0,0,0,0,1,5,6,12,305,6,1,26,0,76,3,0,0,0,0,1,0,1,2,33,0,9,0,0,1,2,22,24,8,0,69,15,1,1,13,16,16,12,9,3,4,19,492,0,14,2,10,2,57,2,2,2,1,0,1,0,3,9,1,29,20,22,0,14,341,18,0,2,0,1,0,568,6,2,0,33,15,4,8,4,1,18,39,1,4,7,2,12,4,22,10,2,3,0,0,16,19,1,10,10,15,34,21,1
R,3,4,4,8,13,449,7,9,5,4,8,25,17,9,10,25,26,345,5,6,5,18,0,50,20,20,57,5,9,106,3,36,5,45,48,2,20,14,0,56,0,2,39,0,40,12,14,8,33,52,9,0,0,0,0,0,0,0,0,3,11,2,59,31,14,3,0,33,7,0,0,82,436,0,1,0,28,0,0,0,0,0,7,0,15,1,19,2,84,8,3,14,0,15,10,643,7,208,3,0,33,11,2,0,26,11,0,29,38,160,76,50,6,30,0,382,15,464,0,6,29,6,634,23,0,0,0,1,1,0,1,0,0,2,0,0,1,85,0,0,70,56,416,6,144,0,94,0,0,1,0,0,1,2,1,0,4,18,14,9,0,42,1,222,15,0,0,2,1,0,2,6,16,35,1,22,2,1,10,3,58,17,4,0,72,41,17,1,41,36,0,8,21,8,23,13,117,15,2,14,9,13,142,11,2,4,2,4,1,2,8,33,8,15,15,13,0,117,166,22,0,6,3,1,1,69,442,2,2,40,2,9,20,561,2,58,39,8,2,2,6,14,14,115,32,17,23,1,4,19,12,21,50,398,40,64,9,3
Q,12,10,8,9,154,16,7,9,3,2,3,21,28,14,8,9,36,14,9,13,1,29,0,7,168,41,5,6,3,2,8,7,13,13,1,7,4,8,1,11,0,0,0,0,24,9,9,8,8,19,3,0,0,0,0,0,0,1,0,0,21,17,7,261,21,30,1,36,6,2,1,7,3,0,0,2,278,1,0,0,0,0,0,0,7,2,18,13,0,11,4,365,5,18,61,2,2,20,518,25,18,1,1,3,5,46,0,14,189,20,10,37,0,7,0,16,22,31,0,1,5,13,9,11,3,0,1,0,1,0,71,0,0,2,0,0,25,33,0,1,60,41,17,3,14,3,198,0,0,3,0,19,56,0,0,9,28,23,48,6,7,27,9,78,4,1,2,11,0,6,2,1,238,9,2,7,0,0,3,1,1,50,13,20,38,0,9,6,57,28,0,8,16,12,7,30,4,44,1,0,35,0,4,1,4,2,0,3,9,1,46,4,3,29,13,8,24,6,9,33,2,1,1,0,2,15,6,20,0,3,23,5,31,26,3,20,412,14,2,6,5,16,10,31,29,14,4,1,3,24,25,30,23,52,27,10,0,7
N,11,332,7,2,6,4,4,3,53,1,1,49,5,11,17,3,29,49,0,5,1,9,11,5,6,7,61,4,9,5,4,2,13,87,9,10,76,10,1,3,0,0,0,0,10,78,8,10,9,12,5,0,0,0,3,0,0,69,0,0,23,21,19,8,12,29,4,9,14,0,0,7,3,0,0,3,8,0,0,0,0,0,40,4,104,6,379,64,39,43,6,19,2,27,12,2,0,28,2,0,42,23,0,0,40,3,0,0,44,28,10,18,18,4,0,16,62,9,0,39,4,152,22,1,4,0,0,0,0,0,1,0,0,2,0,0,1,40,4,0,30,30,62,21,16,0,6,1,0,0,16,8,24,0,1,250,8,71,26,160,1,74,27,28,3,1,0,0,0,2,4,0,4,229,1,11,7,4,0,20,37,5,35,0,23,15,4,1,232,62,2,12,47,38,11,28,2,1,1,0,15,0,227,185,6,49,0,25,1,1,290,7,11,395,24,17,1,4,9,11,3,5,9,0,0,14,2,8,0,25,243,40,15,22,3,13,6,1,0,13,13,31,35,27,42,37,19,6,5,20,11,12,6,27,45,134,46,10
E,66,9,18,6,290,6,10,10,14,6,10,131,22,27,6,11,43,11,5,8,4,34,5,29,108,55,16,34,4,0,3,8,5,17,12,23,6,16,2,22,0,0,2,0,17,27,5,26,26,5,1,0,0,0,0,0,0,0,0,0,0,35,13,147,36,74,36,56,20,0,0,97,13,0,1,8,17,0,0,0,0,0,0,0,117,3,18,5,2,11,16,8,4,33,15,1,6,43,95,1,30,9,0,0,35,18,0,11,95,8,15,14,4,15,2,14,5,22,1,2,19,40,5,0,0,2,1,0,0,0,0,0,0,1,0,0,1,234,2,2,95,39,5,11,52,0,5,0,0,0,0,0,18,0,0,28,6,15,15,24,1,153,2,28,18,1,1,0,1,2,0,1,270,20,9,20,3,6,4,2,16,40,4,2,222,11,2,0,122,6,1,4,16,5,10,190,4,13,0,1,600,0,23,9,16,5,0,6,25,0,1,4,19,18,15,26,30,1,22,2,7,1,7,1,2,14,1,4,2,14,64,13,57,16,1,220,18,27,0,9,12,19,29,17,37,29,7,2,1,46,9,110,286,16,35,24,0,9
D,168,6,15,16,13,6,9,4,225,10,11,20,35,14,55,19,39,36,8,7,3,44,1,53,19,26,33,2,8,14,20,6,13,25,26,10,16,26,0,14,0,0,0,0,14,265,12,19,12,15,0,0,0,0,0,0,0,4,1,0,1,17,42,0,21,33,0,60,13,0,0,11,28,0,0,4,0,1,0,0,1,0,4,0,393,4,9,39,4,12,579,46,52,227,20,2,2,143,67,0,14,59,0,0,548,4,2,7,64,72,5,47,7,33,0,1,157,5,0,697,2,119,17,0,0,0,0,0,0,1,1,0,0,1,0,0,0,12,0,0,23,129,148,31,33,0,35,0,2,0,7,0,18,0,3,81,15,199,26,77,4,68,53,42,12,3,1,0,0,0,3,2,123,40,757,16,1,3,9,13,20,31,3,1,48,11,11,0,69,15,0,27,23,38,5,216,0,11,3,0,5,2,57,20,3,145,0,4,21,2,12,3,21,61,53,16,0,1,22,1,1,1,3,0,0,36,2,0,0,555,205,690,30,10,4,106,34,13,1,13,21,19,10,58,120,55,76,5,5,62,22,13,108,9,133,17,3,6
S,19,68,47,12,16,17,12,16,10,17,70,38,184,419,30,67,139,52,2,81,10,118,4,211,136,55,233,7,336,214,36,154,28,241,13,19,17,74,8,18,0,9,2,3,46,168,28,273,10,34,4,11,33,0,6,0,299,3,0,3,26,99,127,24,446,373,1,160,42,1,8,18,1,0,25,701,2,0,1,2,4,3,5,7,26,33,36,245,8,47,3,48,3,65,374,2,45,37,16,1,54,32,12,7,12,5,2,6,40,87,210,91,541,166,2,42,123,5,0,16,86,200,10,6,28,9,59,0,0,787,0,4,2,13,14,199,1,56,20,47,87,100,7,60,321,0,20,19,40,5,19,2,11,2,6,69,37,115,70,145,43,98,11,72,21,5,33,0,1,2,79,23,57,120,1,140,5,10,115,5,194,217,24,246,56,26,8,1,42,395,13,73,210,232,43,17,48,16,1,2,20,3,21,31,15,269,0,69,58,14,11,189,169,22,46,9,3,52,20,16,265,5,329,1,2,21,4,6,1,8,23,6,46,55,10,90,46,16,1,14,31,61,19,120,50,219,77,13,48,77,28,230,53,28,136,80,4,14
T,34,19,13,13,21,25,15,25,23,14,494,64,34,25,14,30,88,71,6,55,1,55,217,86,198,244,197,3,20,20,14,16,18,116,16,8,6,14,27,534,0,27,12,0,485,107,461,64,17,465,3,2,7,15,23,6,50,1,0,72,420,16,206,4,30,71,4,30,8,9,0,23,13,1,6,26,0,0,1,10,27,0,388,4,40,646,45,283,145,56,9,17,3,53,5,5,3,151,7,7,10,8,4,6,49,34,5,353,95,40,22,51,16,93,4,7,82,6,3,3,96,126,1,24,0,10,21,0,0,0,2,0,1,11,12,244,2,10,17,27,52,43,9,33,62,0,38,80,43,5,19,14,278,0,19,28,193,110,37,186,7,92,27,175,188,0,579,1,3,2,84,5,25,23,5,287,120,24,74,16,40,136,12,17,26,16,6,4,95,64,34,80,34,133,209,9,14,15,2,0,28,1,68,11,18,126,0,17,130,22,98,117,52,13,281,328,73,33,18,29,90,127,16,0,0,4,28,17,3,9,2,1,437,14,2,89,23,16,5,22,7,34,12,24,74,39,77,4,32,107,16,36,28,23,25,293,8,4
-,218,199,197,143,140,136,107,105,96,93,74,135,68,54,46,52,33,26,22,22,24,25,23,23,33,32,51,75,135,255,317,333,172,77,75,13,13,13,13,12,12,12,12,15,14,20,47,115,20,11,11,10,10,10,10,10,10,9,8,8,10,8,9,11,11,19,10,10,9,9,9,9,9,8,8,8,8,8,8,8,8,8,8,8,8,8,8,8,343,139,132,88,88,87,88,75,9,9,11,11,9,11,11,11,29,16,36,60,15,332,285,287,118,21,14,13,13,9,9,11,22,8,23,7,7,7,7,7,7,7,7,7,7,7,7,7,7,7,8,7,13,251,68,45,11,9,9,9,9,8,8,8,8,8,8,12,11,30,63,85,72,7,7,6,7,7,7,6,6,6,6,6,7,8,8,8,8,9,66,77,92,123,17,35,29,29,7,7,7,10,12,51,120,110,47,30,12,26,9,8,8,9,12,33,10,8,8,8,8,10,255,259,300,131,101,73,10,10,11,11,11,11,10,10,11,11,11,11,11,13,19,20,20,20,20,23,23,20,20,20,20,22,78,84,63,88,154,611,554,141,92,99,60,66,92,84,117,223
other,0,0,0,0,0,0,0,0,0,0,0,0,1,0,0,0,0,0,0,0,0,0,0,0,0,0,0,0,0,0,0,0,0,0,0,1,0,0,0,0,0,0,0,0,0,0,0,0,0,1,0,0,0,0,0,0,0,0,0,0,0,0,0,0,0,0,0,0,0,0,0,0,0,0,0,0,0,0,0,0,0,0,0,0,0,0,0,0,0,0,0,0,0,0,0,0,0,0,0,0,0,0,0,0,0,0,0,0,0,0,0,0,0,0,1,0,0,0,0,0,0,0,0,0,0,0,0,0,0,0,0,0,0,0,0,0,0,0,0,0,0,0,0,0,0,1,1,1,0,0,1,0,0,0,0,0,0,0,0,0,0,0,0,0,0,0,0,0,0,0,0,0,0,0,0,1,0,0,0,0,0,0,0,0,0,0,1,0,0,0,0,0,0,0,0,0,0,0,0,0,0,0,0,0,0,0,0,0,0,0,0,0,0,1,0,0,0,0,0,0,0,0,0,0,0,0,0,0,0,1,0,0,0,0,0,0,0,0,0,0,0,0,0,0,0,0,0,0,0,0,0,0,1,0,0,1,0,0
