G,36,48,32,43,33,106,120,266,4,12,1,2,17,1,1,208,1976,42,85,44,56,73,113,322,64,5,63,77,488,137,11,27,114,21,10,112,131,306,168,280,76,773,199,43,129,56,57,37,16,83,101,55,0,1,5,107,193,79,1766,1,0,1,0,0,130,2189,21,333,42,91,109,115,281,139,12,331,199,20,714,255,112,47,56,237,124,84,61,31,45,55,88,45,197,30,158,0,46,73,51,0,68,48,8,1969,1,97,2,114,14,0,58,22,0,85,0,256,0,12,0,89,0,0,13,2121,1198,7,351,20,0,15,242,27,19,13,0,0,141,50,94,22,1,15,156,45,94,332,112,110,132,48,199,241,118,12,623,92,19,10,7,40,66,141,17,14,52,4,66,80,209,186,46,9,10,51,21,154,256,24,109,575,25,45,7,908,39,915,1123,0,4,10,2,0,5,134,225,2297,0,1,7,2294,8,1,693,2,1,0,13,61,41,58,203,1675,95,4,1,0,22,928,3,11,89,7,34,60,67,33,8,238,54,0,334,100,44,20,804,10,123,26,7,34,38,174,50,5,14,184,26,61,3,0,6,78,0,28,73,53,22,489,168,6,2,3,0,1290,0,8,62,63,20,21,58,210,2,71,111,236,106,132,247,51,75,74
P,123,50,57,51,65,272,254,109,125,4,1,0,147,0,158,7,26,19,14,38,76,216,64,29,18,58,1,118,35,55,61,138,35,45,9,88,150,166,156,200,458,33,46,316,15,171,0,1378,0,348,8,0,0,0,1,5,1261,6,2,182,0,0,0,2,3,0,28,444,506,33,6,26,171,167,1,32,122,36,339,374,174,16,126,72,39,37,516,602,72,55,157,412,117,9,126,253,309,41,0,0,4,47,2,1,0,9,1563,4,1,0,10,0,0,0,10,0,0,8,0,166,0,0,1,0,3,2,59,13,0,1095,0,6,457,0,0,1,14,28,61,0,5,30,9,100,0,56,516,130,169,77,104,48,10,6,8,36,13,4,5,4,17,15,100,74,5,39,66,115,24,22,192,3,3,162,5,12,213,7,7,35,42,4,45,14,54,676,0,0,1,0,0,1,357,4,1634,0,0,1,1247,0,1,1,0,2,0,0,14,9,585,0,0,24,542,0,0,0,49,0,0,0,1,72,1,52,19,2,0,11,293,177,58,30,337,1736,132,3,15,26,7,220,57,3,2,6,3,3,0,1,0,0,1,5,0,1,6,2,38,147,96,22,2,0,631,9,2,0,869,34,13,27,168,29,0,480,60,45,1076,85,51,48,81,15
A,173,214,137,157,197,152,197,140,104,34,40,30,351,8,38,219,243,64,54,95,336,38,152,203,101,98,26,190,35,132,16,33,235,16,119,55,75,55,204,146,103,112,157,61,93,123,116,98,159,77,413,222,33,22,11,24,129,30,100,38,48,5,0,0,151,80,44,313,193,296,465,512,269,248,6,152,93,58,148,222,179,80,253,138,388,43,138,97,96,122,155,136,91,34,129,159,286,534,442,0,661,527,214,12,21,226,135,307,43,6,40,310,23,220,123,1,0,58,0,118,0,0,1225,102,167,262,220,192,3,125,34,1590,12,5,11,95,45,274,542,99,49,321,623,1553,74,281,191,239,529,38,91,140,50,127,36,340,100,41,24,331,96,28,19,211,61,17,55,126,106,43,48,17,32,102,36,64,31,15,41,55,31,91,33,32,434,34,54,10,18,239,7,1,108,136,49,4,0,341,222,11,2,77,274,165,125,34,29,53,204,10,65,41,155,38,15,5,904,281,0,1350,575,15,68,259,220,117,38,123,105,0,146,223,181,135,142,131,212,190,11,178,224,422,516,147,445,140,45,228,73,14,130,372,28,963,260,187,39,41,1208,48,34,4,97,123,0,18,286,317,174,144,351,217,11,111,232,559,99,253,191,117,84,41
V,69,62,22,145,35,34,131,320,236,9,478,14,492,169,25,123,3,54,262,127,310,19,86,47,80,333,197,11,13,37,24,27,25,17,63,15,28,33,78,35,151,33,98,38,367,41,184,291,840,27,244,332,363,292,57,2,6,12,4,146,612,184,508,0,85,0,101,17,111,20,225,355,37,73,3,19,119,50,54,17,70,188,109,27,309,116,75,201,209,196,55,115,41,55,23,302,443,32,33,98,6,16,211,0,509,23,79,2,1,826,2,148,1433,833,267,0,0,7,0,48,0,0,198,0,1,235,12,30,105,32,1,27,48,439,319,1396,0,2,33,4,72,7,46,121,35,24,28,211,43,16,36,119,40,11,6,170,81,130,46,18,80,29,223,17,59,43,113,16,19,24,46,379,126,136,349,23,4,71,109,27,38,548,23,204,215,1,40,1034,296,318,482,1,16,109,27,0,0,61,57,0,40,90,226,500,146,1407,15,30,12,10,1,10,37,906,457,44,95,53,0,162,422,7,264,44,12,22,80,29,16,0,88,330,381,16,36,33,307,220,13,165,186,18,54,241,11,6,343,23,20,293,33,18,150,194,20,29,26,40,165,100,1022,562,82,3,0,9,42,80,359,102,25,43,18,39,138,81,96,101,73,50,67,22
L,39,47,30,49,26,62,20,11,183,12,1063,28,329,1361,103,194,3,68,599,62,237,46,108,151,167,489,374,70,7,21,37,91,9,89,88,33,87,72,155,19,52,68,44,170,209,32,730,23,82,183,7,180,1804,412,20,16,1,1,7,491,288,1946,30,0,34,3,364,21,96,27,192,210,44,73,0,81,114,222,30,32,97,342,58,79,227,135,128,119,52,305,24,96,111,75,51,946,126,7,45,1885,44,110,993,0,551,9,135,25,2,169,91,151,220,155,678,0,0,1566,0,658,0,0,24,3,1,1111,11,520,200,84,0,12,14,295,388,168,50,15,62,2,753,17,63,69,241,19,93,71,65,49,112,147,110,9,13,26,152,471,154,165,30,3,251,42,222,74,201,57,19,567,14,118,74,337,405,25,20,70,11,69,3,741,67,448,144,3,22,451,155,900,713,14,124,527,14,0,0,2,38,1,515,338,11,1056,718,289,18,1281,19,0,24,11,18,335,954,1621,21,6,0,205,79,8,384,102,27,37,475,56,149,0,122,122,298,26,277,80,271,53,15,152,105,232,75,710,35,0,422,14,74,1112,81,47,1233,140,40,104,107,15,77,166,526,258,129,10,1,1,106,115,61,204,66,102,461,39,159,116,47,43,38,198,38,12
I,39,32,19,83,64,17,34,103,265,4,339,29,257,259,1,16,13,56,240,53,131,22,12,75,155,360,214,16,2,16,14,57,0,3,58,2,25,20,30,11,22,20,21,59,354,24,379,59,349,119,61,80,57,1547,13,4,2,10,1,49,1076,107,331,0,2,0,165,5,33,17,100,178,78,23,0,1,21,16,39,23,71,54,23,21,193,182,30,111,122,155,23,3,28,40,8,492,165,6,98,314,11,6,395,0,432,4,235,0,0,1301,3,90,549,869,428,1,0,22,0,80,0,0,257,1,0,199,3,16,25,34,0,3,21,878,583,324,0,1,31,1,101,5,10,132,32,1,34,29,33,33,33,37,24,1,34,0,37,272,112,104,5,109,65,3,51,129,20,6,5,59,25,101,83,208,437,5,5,58,3,10,5,150,10,199,26,0,9,740,132,434,481,35,2,115,9,0,1,4,50,0,11,209,130,127,90,535,1,12,5,1,3,1,21,356,607,136,83,211,0,25,235,19,64,89,8,18,186,19,6,2,47,287,144,12,60,180,140,41,0,44,79,11,16,147,7,0,445,11,23,638,22,13,389,35,33,33,10,8,138,149,572,682,297,0,0,1,123,48,66,121,10,22,81,91,31,38,34,40,26,132,29,11
M,123,67,103,105,250,529,128,60,339,5,209,14,142,142,0,7,2,19,327,121,242,3,39,25,36,265,77,6,102,3,28,51,6,6,15,13,122,16,8,8,16,4,8,111,223,8,228,21,123,38,38,10,5,22,10,4,0,0,4,2,89,80,4,0,2,1,182,2,18,25,39,163,22,76,0,3,4,21,6,11,31,43,22,27,88,128,10,18,10,424,7,20,6,76,11,27,9,3,3,13,5,13,60,0,34,8,7,1,5,3,0,54,68,7,171,0,0,132,0,29,0,0,9,0,1,55,8,153,16,14,1,0,44,32,33,88,21,0,3,0,161,12,6,72,91,5,20,17,181,15,30,21,6,20,0,0,39,60,11,63,10,2,25,16,21,24,2,11,7,27,1,30,13,22,27,10,3,2,3,23,3,35,13,9,40,0,0,29,44,151,32,0,13,134,0,0,0,10,12,0,197,230,19,266,115,3,10,136,2,0,22,0,5,113,37,11,14,3,1,28,27,15,66,46,6,15,118,9,14,0,91,13,21,50,13,32,98,13,1,22,18,43,231,77,9,3,311,11,99,78,45,41,86,32,32,17,8,2,9,47,76,36,9,5,1,1,110,14,15,48,22,20,37,2,59,9,10,4,12,13,8,3
C,3,4,2,7,130,7,3,12,7,1,1,2,15,9,14,506,1,15,234,62,266,31,27,15,4,5,2,1,3,5,0,1,6,3,0,0,4,3,9,2,5,4,2,1,24,17,46,5,98,57,645,6,6,2,1,7,1,0,0,14,0,1,1,0,39,3,442,19,2,22,86,13,6,2,0,0,2,12,1,4,0,1,43,0,28,3,5,13,10,21,1,3,7,121,60,128,5,1,4,6,0,15,26,2,6,3,13,2,0,0,1,24,6,2,111,1,2,4,0,45,0,0,161,4,214,19,75,12,7,38,1,6,7,4,2,166,0,3,10,0,1,2,4,20,97,7,43,126,2,138,1,16,0,0,0,1,41,37,117,0,4,4,0,3,5,2,0,0,1,3,0,3,10,6,6,1,1,3,0,20,2,7,0,1,88,0,1,6,6,60,2,0,25,70,2,1,0,8,6,1,8,146,35,3,6,3,5,1,0,0,4,3,10,1,47,10,145,4,0,50,232,2,15,16,1,11,3,2,15,0,6,77,5,13,0,2,25,9,2,1,0,0,7,4,0,0,5,4,2,14,4,0,4,19,6,4,5,61,17,6,2,23,143,19,0,154,2,0,6,8,0,8,2,6,6,6,3,6,29,18,4,5
F,11,9,69,1,8,5,11,7,19,2,73,110,198,279,2,37,0,48,95,24,47,12,13,19,325,163,422,13,6,28,5,20,11,30,7,4,19,83,21,81,9,21,24,117,59,8,443,10,83,184,187,344,31,16,2,0,0,6,1,3,124,2,715,0,1,0,305,6,12,6,159,58,14,0,3,37,30,225,12,36,32,125,80,79,136,682,14,65,43,241,16,8,11,4,13,16,5,2,1,17,1,3,50,0,158,1,14,0,0,33,0,148,32,135,76,0,0,223,0,593,0,0,1,7,3,5,11,126,1933,29,3,0,1,288,114,10,45,3,3,0,230,3,297,46,418,21,34,29,22,41,24,125,39,0,0,13,304,19,704,5,1,6,8,2,40,12,12,38,4,15,0,124,9,174,292,88,2,249,21,167,31,99,805,31,168,1,3,59,38,93,87,1,275,51,19,0,0,2,29,0,6,34,10,123,181,51,6,31,1,0,6,0,30,273,187,352,3,16,3,10,144,91,316,11,7,7,380,22,14,0,20,16,231,22,31,14,50,196,1,12,5,0,78,111,6,3,163,2,35,141,5,11,159,14,3,15,77,4,4,56,47,311,553,10,0,4,25,10,155,604,19,11,131,15,37,304,11,10,365,128,36,4
Y,5,10,21,7,1,3,10,7,140,3,27,855,15,25,25,232,1,160,13,28,90,11,58,15,166,92,104,28,11,27,1,23,1,17,23,9,26,43,13,161,7,4,10,69,132,7,41,2,160,351,36,761,23,10,22,37,0,2,0,146,22,0,163,0,0,0,247,6,93,7,50,153,9,7,0,16,205,104,8,113,15,158,102,14,32,161,53,82,54,252,9,5,16,22,152,1,10,9,32,2,2,8,9,0,396,2,1,2,3,0,1,707,0,0,33,0,2,63,2,227,0,0,1,2,25,2,51,122,34,1,3,0,0,42,391,23,6,1,1,0,586,11,415,15,152,180,8,184,7,0,17,91,5,0,0,0,1216,3,478,19,12,6,4,16,19,3,2,140,13,22,1,253,7,5,68,15,4,21,11,273,15,204,112,7,20,0,0,6,32,0,65,0,131,1,48,0,0,0,24,1,0,42,10,2,92,1,11,1,4,1,14,6,47,128,3,8,4,0,0,2,255,872,157,238,15,14,525,17,18,0,4,17,31,2,5,4,15,305,7,37,5,4,171,199,13,3,125,13,35,2,10,22,59,30,1,4,87,3,17,17,15,54,182,8,1,1,25,14,34,69,8,12,52,8,14,35,6,57,395,737,235,5
W,1,2,6,3,0,7,0,1,79,2,6,225,21,5,3,0,0,104,8,13,0,2,6,4,251,5,100,35,1,6,0,17,1,18,4,9,14,1,2,0,10,52,54,112,5,49,0,4,1,193,88,278,0,0,1,0,0,0,0,162,6,0,575,0,0,0,72,1,10,1,69,13,2,4,0,0,17,811,41,16,7,5,4,28,1,7,51,49,14,78,2,2,4,19,23,2,0,0,3,0,0,1,0,0,3,1,0,0,0,0,0,57,0,0,0,0,0,8,0,79,0,0,0,2,3,0,2,2,14,0,6,0,0,152,126,0,0,0,0,0,206,1,129,41,43,243,1,2,199,9,2,0,1,0,0,0,15,1,432,2,3,2,3,1,468,0,0,0,8,2,0,731,0,4,10,1,0,33,0,12,0,23,1,1,15,0,0,1,9,1,5,0,23,1,2,0,0,0,150,0,1,4,1,0,19,1,5,0,0,0,1,0,248,73,0,62,0,0,0,0,19,153,18,14,0,3,338,6,11,0,3,10,10,5,6,3,1,241,0,18,6,2,198,11,3,1,18,3,83,0,1,5,14,1,1,0,1,0,7,16,0,371,0,1,0,4,16,4,5,490,8,1,19,3,5,9,9,5,85,20,2,0
H,10,9,13,14,16,4,18,34,21,21,1,497,96,2,149,10,0,76,70,80,109,51,123,84,70,10,20,31,22,132,0,9,10,8,40,26,37,17,28,18,198,58,34,21,76,40,1,6,7,198,0,4,0,0,26,1489,2,57,12,14,0,1,0,1,1,0,10,257,53,66,48,15,29,32,0,14,161,2,37,28,4,17,23,49,14,11,16,69,93,15,35,32,59,286,90,1,96,98,48,0,19,13,28,15,94,14,3,14,3,0,28,203,2,0,17,0,2334,2,2185,31,0,2336,0,1,44,43,114,268,2,7,154,0,12,160,353,0,715,20,7,61,55,56,180,2,66,113,34,45,39,3,21,25,15,22,1,0,60,13,8,10,170,17,4,31,15,54,15,72,67,20,24,2,73,7,132,53,4,25,32,207,69,19,28,11,3,4,5,0,43,0,319,4,375,0,14,0,2330,1,17,6,1080,25,0,1,94,0,167,7,16,13,32,27,15,11,0,75,0,0,0,73,0,817,65,102,17,172,11,49,70,0,25,27,74,1,8,0,50,86,18,187,13,35,49,25,54,15,25,41,16,0,136,71,5,46,42,32,195,53,2,109,0,4,13,13,2311,1,15,46,22,16,27,49,11,6,143,24,12,56,26,49,43,15
K,20,23,35,77,133,144,139,81,182,1008,0,51,6,0,99,1,0,60,8,207,2,182,393,54,51,3,107,46,45,48,9,3,16,10,71,61,35,123,33,46,164,82,402,112,94,132,2,1,0,1,0,1,0,0,205,2,53,16,25,195,1,0,0,0,0,1,1,5,129,96,95,42,93,126,6,42,108,20,79,53,36,19,42,269,10,19,117,3,170,11,92,105,126,182,81,0,119,47,22,0,501,281,32,54,2,438,20,214,35,0,582,83,1,0,0,0,0,0,0,0,0,0,0,0,2,0,175,77,0,183,154,1,270,16,1,1,2,329,220,0,33,328,13,3,175,126,71,68,159,42,62,35,98,70,0,0,15,26,1,104,91,3,18,155,15,46,160,44,67,46,262,51,395,50,16,112,27,11,10,133,13,10,39,13,4,49,44,0,150,0,77,1,52,3,16,3,1,0,111,0,0,0,0,0,93,0,290,9,128,113,36,144,51,33,0,0,0,1,0,1,0,6,8,255,99,2,5,94,119,2,166,195,23,8,48,1,3,27,6,163,80,47,16,51,171,0,13,270,674,0,675,170,10,29,342,243,120,277,13,237,0,1,0,0,0,0,209,115,10,22,376,294,2,428,498,69,94,135,32,29,63,28
R,32,25,31,34,21,15,60,82,36,498,0,61,98,4,149,107,2,420,86,326,82,228,143,36,79,104,52,271,19,47,10,51,56,12,75,12,36,34,182,39,114,65,120,315,325,136,6,3,0,7,0,0,0,0,442,55,63,14,79,180,0,0,0,0,0,1,0,23,124,212,47,109,114,104,0,40,467,64,94,32,48,48,151,89,29,222,90,205,160,21,184,199,104,168,298,0,99,162,326,0,168,330,36,18,10,241,23,73,16,0,405,35,0,0,0,0,2,1,1,2,0,0,0,2,8,0,159,158,0,136,100,2,234,0,0,1,21,540,306,0,70,190,13,9,211,69,199,67,70,112,87,149,59,16,0,0,11,261,4,50,161,12,29,312,112,94,45,50,47,61,352,36,266,10,12,22,81,1,32,219,37,91,29,22,14,45,81,0,283,0,37,0,208,0,28,7,1,0,128,5,0,8,0,2,264,1,404,25,65,21,56,114,84,3,2,1,0,0,0,0,1,6,78,356,161,1,130,168,132,0,302,332,63,31,95,9,2,221,12,242,40,55,96,163,299,4,49,380,880,0,713,413,47,155,462,439,100,91,24,279,0,1,11,0,2,1,82,96,29,182,174,365,10,435,132,88,42,72,50,78,78,29
Q,35,69,25,60,52,44,95,51,23,49,0,36,27,1,188,7,2,47,44,165,22,40,86,47,39,23,15,58,80,26,0,22,10,3,9,21,22,46,135,17,91,38,174,117,15,106,4,15,1,7,0,1,0,0,142,11,18,43,23,2,0,0,1,1,1,0,13,11,71,87,16,13,112,78,31,36,41,19,27,78,56,37,192,149,123,10,55,14,100,111,69,41,71,395,13,0,24,80,1027,0,128,362,12,10,0,117,3,58,85,0,67,33,5,0,165,0,0,2,0,4,0,0,1,1,110,0,56,68,0,39,79,1,102,0,1,0,960,156,60,11,3,120,55,1,162,112,56,53,20,28,70,87,15,28,2,0,26,22,5,29,71,17,13,42,10,130,41,27,58,56,165,17,176,33,53,19,35,9,48,84,50,24,47,46,9,145,15,0,192,11,1,0,43,5,11,0,0,1,40,3,187,888,0,0,290,0,96,25,68,43,14,69,37,1,0,0,0,26,1,161,1,1,45,196,72,72,6,80,140,0,38,55,44,25,30,1,28,18,7,30,56,344,19,32,146,8,63,331,37,3,140,220,23,201,173,145,23,65,12,292,0,7,1,210,2,10,58,99,683,20,173,141,40,63,117,43,41,84,23,14,54,14
N,24,16,189,49,43,42,46,77,42,22,0,22,0,2,271,116,0,57,15,94,36,102,42,361,135,10,139,47,112,32,123,6,8,11,9,34,234,179,135,237,53,212,94,19,7,118,2,4,27,77,94,2,0,0,21,54,12,6,7,214,0,0,0,1,2,0,120,300,30,134,68,46,163,221,16,67,17,16,98,46,18,32,59,27,10,85,27,4,58,11,33,21,69,94,67,0,10,349,5,0,33,30,15,132,90,45,4,50,21,0,52,9,0,0,132,0,1,19,0,15,0,4,0,3,499,309,124,41,0,13,765,2,16,1,1,0,58,17,46,6,0,176,81,3,91,95,118,122,56,9,149,17,58,23,4,3,10,14,4,39,31,26,9,75,15,27,85,131,171,27,490,0,78,5,7,163,19,24,31,9,90,7,14,23,25,30,14,0,35,0,3,129,39,0,9,1,0,1,12,7,7,10,2,0,1,0,311,21,16,119,31,21,100,1,0,4,1,4,1,11,0,28,46,23,6,1217,0,87,226,0,154,48,14,7,13,7,338,38,306,48,103,35,38,41,150,147,3,101,26,0,49,48,1,19,51,111,89,364,17,30,0,0,10,241,1,5,10,101,29,30,101,56,0,22,50,46,26,94,31,15,36,17
E,36,44,53,67,50,42,95,177,107,271,0,25,0,0,181,2,0,141,35,282,12,80,211,134,56,6,20,77,38,31,1,1,10,17,4,85,46,101,77,72,211,126,475,79,53,622,26,5,3,0,0,0,1,0,817,1,147,139,66,5,0,0,0,211,0,0,30,28,396,379,88,81,217,230,95,26,22,59,63,213,90,19,138,162,17,59,104,13,179,21,95,632,760,292,180,0,181,343,17,0,496,204,16,29,1,213,0,690,214,0,60,10,0,0,0,0,0,1,0,17,3,0,0,2,4,0,491,117,0,30,88,26,270,0,0,0,1,626,273,1998,2,587,27,2,15,62,93,245,147,16,41,65,17,66,11,3,14,15,5,176,58,20,16,81,7,43,85,65,117,84,84,13,280,36,9,152,157,52,402,87,166,40,600,110,5,195,78,0,266,0,6,0,154,1,5,0,0,0,37,1,42,3,0,0,62,0,445,12,334,152,72,36,70,0,0,0,0,0,0,51,0,1,7,185,1096,165,12,695,358,0,395,44,8,8,12,51,40,28,19,83,352,261,12,32,329,14,0,413,83,1,170,366,23,254,321,307,231,141,47,271,0,0,0,10,0,111,94,652,112,109,334,156,0,51,121,79,43,538,69,65,293,162
D,15,17,16,37,38,36,109,265,40,19,0,44,3,1,672,1,1,76,6,91,10,911,260,12,79,8,25,82,183,19,1,4,15,31,9,72,159,116,203,180,79,283,117,105,40,354,0,193,188,0,2,0,0,0,362,28,142,85,84,48,0,0,0,2113,0,3,4,245,252,334,257,93,308,425,13,58,39,12,75,85,44,77,19,329,27,40,42,2,221,24,113,106,319,354,145,0,284,239,94,0,94,94,23,83,1,415,2,426,1787,0,695,122,0,0,0,2,0,4,152,17,2337,0,2,30,16,3,259,332,0,24,222,34,29,0,0,0,38,180,324,120,3,375,70,4,13,67,115,283,94,11,23,230,23,36,14,0,30,2,20,450,179,130,110,93,24,33,58,41,216,94,147,0,78,14,5,216,85,46,500,203,1580,30,99,179,997,164,110,0,24,0,2,0,101,0,17,0,0,2,101,2,2,0,0,0,6,4,288,27,154,105,140,21,73,0,1,1,0,0,2320,1,0,122,16,35,350,10,4,480,375,0,183,11,6,55,26,13,91,99,1320,31,113,316,3,7,183,1,1,289,16,0,31,200,3,8,201,128,43,318,91,103,0,0,0,5,0,1919,62,400,277,17,211,60,4,12,56,35,48,192,60,64,320,44
S,50,125,108,73,82,122,175,79,38,124,2,59,9,0,124,126,3,231,47,105,53,68,93,427,283,131,29,284,41,52,32,13,159,117,28,48,162,48,92,95,99,111,29,185,34,52,18,76,81,263,257,6,1,1,44,49,64,27,9,12,0,0,0,0,86,44,148,249,71,216,131,43,100,64,7,56,52,27,90,67,127,31,102,63,46,62,55,26,81,39,298,52,120,34,251,6,42,204,70,0,66,142,13,8,3,257,32,285,90,2,80,15,0,33,115,1546,0,57,0,82,0,0,124,58,31,8,125,45,2,49,36,143,10,0,16,3,200,68,142,14,1,49,106,21,42,229,354,96,38,37,47,43,53,104,17,9,14,24,6,139,62,8,11,63,43,26,87,59,83,18,57,4,48,20,3,131,20,13,128,61,39,35,30,20,10,42,527,0,99,5,2,4,244,154,172,14,1,390,14,3,129,99,912,10,5,2,55,62,56,28,291,29,132,4,0,0,271,714,0,87,182,81,152,152,112,348,2,30,87,0,75,32,34,53,198,25,55,100,278,222,64,69,183,47,171,1335,6,37,17,1,25,96,2,103,142,128,128,43,128,18,11,2,50,283,0,72,69,52,60,53,111,246,1,39,64,276,74,55,98,49,69,44
T,37,58,62,55,88,178,281,90,250,142,5,142,52,10,76,360,1,519,43,258,111,19,44,119,28,13,168,72,14,11,86,11,25,278,62,25,107,137,62,113,94,89,106,218,56,214,34,85,106,110,142,42,0,0,121,429,78,68,13,244,61,0,0,0,1792,4,32,43,81,38,59,50,200,67,1,32,30,58,100,77,189,118,122,33,60,143,107,20,244,27,382,41,74,44,456,3,77,106,14,0,28,86,193,3,24,213,66,71,19,0,164,118,2,2,15,534,0,152,1,40,0,0,323,1,11,19,35,29,0,235,12,176,732,16,2,64,23,27,122,2,7,34,35,79,285,158,111,74,34,379,37,76,31,7,5,13,27,4,9,64,46,8,9,53,28,22,31,27,45,19,85,53,155,390,20,81,20,32,66,26,92,119,105,47,27,32,211,1,510,65,14,3,41,869,33,7,0,1509,31,0,99,129,11,76,26,2,149,507,9,3,391,40,557,53,22,2,718,81,0,100,66,5,524,93,27,59,5,110,93,8,32,131,71,27,62,7,108,192,8,146,61,38,392,53,60,242,46,28,108,5,24,124,65,44,74,118,499,21,82,351,14,4,114,82,1,1,56,61,191,33,76,273,10,60,138,38,162,51,41,26,91,44
-,1465,1415,1316,1229,1014,525,420,374,106,104,100,100,71,68,67,67,69,70,61,71,118,192,273,167,159,165,191,813,1089,1481,1887,1741,1594,1594,1643,1622,827,747,555,586,333,158,132,78,36,36,29,29,22,23,23,22,22,21,23,22,174,1745,143,198,19,19,18,17,17,17,17,18,23,239,37,58,77,187,2152,1303,483,493,291,564,946,889,622,454,445,117,652,602,313,162,508,272,15,12,11,10,10,10,11,11,11,10,10,10,10,10,9,8,7,6,7,7,5,5,5,5,5,5,5,6,6,6,5,5,5,67,5,5,5,163,445,290,48,5,5,6,6,6,6,6,7,7,8,8,9,146,115,145,307,1245,1160,634,1574,1788,1572,1640,122,917,193,534,1153,1760,1412,1041,1074,1524,1202,1241,1060,951,307,402,430,574,432,999,1359,1580,782,51,15,24,239,21,9,10,9,9,9,59,9,2152,10,32,12,12,12,12,13,11,11,12,12,11,12,13,14,36,626,1669,940,74,19,13,13,14,16,18,17,18,18,18,18,18,24,21,20,21,51,2157,57,246,326,94,348,1740,374,217,308,311,741,237,140,237,237,237,237,85,42,44,45,26,45,30,63,247,498,163,24,23,23,23,24,24,24,25,25,25,25,26,28,31,1454,365,175,210,307,333,404,445,640,1757
other,0,0,0,0,0,0,0,0,0,0,0,0,0,0,0,0,0,0,0,0,0,0,0,0,0,0,0,0,0,0,0,0,0,0,0,0,0,0,0,0,1,0,0,0,0,0,0,1,0,0,0,0,0,0,0,0,0,0,0,0,0,0,0,0,0,0,0,0,0,0,0,0,0,0,0,0,0,1,0,0,0,0,0,0,0,0,0,0,0,0,0,0,0,0,0,0,0,0,0,0,0,0,0,0,0,0,0,0,0,0,0,0,0,0,0,0,0,0,0,0,0,0,1,1,0,0,0,0,0,0,0,0,0,0,0,0,0,0,0,0,0,0,0,0,0,0,0,0,0,0,0,0,0,0,0,0,0,0,1,0,0,0,0,1,0,0,0,0,0,0,0,0,0,0,1,0,0,0,0,0,0,0,0,0,0,0,0,0,0,0,0,0,0,0,0,0,0,0,0,0,0,0,0,0,0,0,0,0,1,0,0,0,0,0,0,0,0,0,0,0,0,0,0,0,0,0,0,0,0,0,0,0,0,0,0,0,0,0,0,0,0,0,0,0,0,0,0,0,0,0,0,0,0,0,0,0,0,0,0,0,0,0,0,0,0,0,0,0,0,0,0,0,0,0,0,0,0,0,0,0,0,0
