G,0.0227272727273,0.0313588850174,0.0157728706625,0.0238095238095,0.0235294117647,0.0249584026622,0.0512,0.25,0.0,0.00906344410876,0.0,0.0,0.00804289544236,0.0,0.00133689839572,0.0989304812834,0.920805369128,0.0308310991957,0.0226666666667,0.0241610738255,0.0267379679144,0.0174029451138,0.0188425302826,0.201991465149,0.0143472022956,0.0,0.0,0.18102189781,0.212454212454,0.0705009276438,0.445255474453,0.00267379679144,0.0311688311688,0.00975609756098,0.0559610705596,0.0791366906475,0.0309523809524,0.0119047619048,0.0223713646532,0.198369565217,0.137535816619,0.112676056338,0.0133333333333,0.00267737617135,0.0488771466314,0.00924702774108,0.0343461030383,0.00528401585205,0.00131578947368,0.0171052631579,0.0381578947368,0.0263157894737,0.0,0.0,0.00262812089356,0.0157687253614,0.023653088042,0.0487421383648,0.809128630705,0.00131406044678,0.0,0.00131406044678,0.0,0.0,0.0972404730618,0.897503285151,0.0144546649146,0.102496714849,0.00527009222661,0.0418679549114,0.0728476821192,0.0382585751979,0.200836820084,0.0345572354212,0.0334075723831,0.34598540146,0.00145137880987,0.015558698727,0.471232876712,0.0843023255814,0.252717391304,0.00756429652042,0.00753012048193,0.0314842578711,0.0596125186289,0.00290697674419,0.0108108108108,0.00431654676259,0.0145888594164,0.0294117647059,0.0243902439024,0.0296052631579,0.0414438502674,0.0223097112861,0.0892388451444,0.0,0.00656167979003,0.0367454068241,0.0144356955381,0.0,0.0328083989501,0.0131233595801,0.00131233595801,0.812335958005,0.0,0.0682414698163,0.0,0.0577427821522,0.0,0.0,0.00918635170604,0.00655307994758,0.0,0.00655307994758,0.0,0.203145478375,0.0,0.00393184796855,0.0,0.0144167758847,0.0,0.0,0.00786369593709,0.961992136304,0.517693315858,0.00393184796855,0.154652686763,0.0,0.0,0.00718132854578,0.131294964029,0.0286225402504,0.00407608695652,0.00917431192661,0.0,0.0,0.0419397116645,0.00917431192661,0.0353866317169,0.0,0.0,0.00655307994758,0.10747051114,0.0196592398427,0.0183486238532,0.0629095674967,0.0511140235911,0.0304635761589,0.11007751938,0.0122377622378,0.318327974277,0.00952380952381,0.0555555555556,0.0430555555556,0.533426183844,0.21408045977,0.0054347826087,0.00278551532033,0.0349854227405,0.0893854748603,0.00140056022409,0.0,0.0139664804469,0.0709219858156,0.0297619047619,0.0178571428571,0.013986013986,0.0308370044053,0.226315789474,0.00808625336927,0.0210803689065,0.00393700787402,0.0130890052356,0.00460122699387,0.00842696629213,0.0428571428571,0.0226804123711,0.0559440559441,0.0337837837838,0.016620498615,0.103448275862,0.00787401574803,0.00130718954248,0.00261780104712,0.00261780104712,0.314814814815,0.578042328042,0.0,0.00130890052356,0.00261780104712,0.0,0.0,0.00261780104712,0.986486486486,0.0196335078534,0.984272608126,0.0,0.0,0.0,0.992146596859,0.00130890052356,0.0,0.32722513089,0.00130890052356,0.0,0.0,0.00524246395806,0.00262467191601,0.0144356955381,0.0606060606061,0.136044880785,0.759894459103,0.0605263157895,0.0,0.0,0.0,0.00393700787402,0.329396325459,0.00393700787402,0.00524934383202,0.0223097112861,0.0,0.0,0.0301837270341,0.0105124835742,0.0157894736842,0.0,0.176548089592,0.0276679841897,0.173970783533,0.00609756097561,0.0301810865191,0.0422125181951,0.0111731843575,0.680998613037,0.0829787234043,0.0354767184035,0.0194552529183,0.0171730515192,0.0160213618158,0.0253333333333,0.124338624339,0.0171957671958,0.00396301188904,0.0105540897098,0.00791556728232,0.0158102766798,0.0171503957784,0.0026455026455,0.0,0.00132978723404,0.0474308300395,0.00527704485488,0.00527009222661,0.014745308311,0.0226063829787,0.0632411067194,0.226613965744,0.0980113636364,0.0,0.0,0.00394736842105,0.0,0.719367588933,0.0,0.00263852242744,0.0343007915567,0.032981530343,0.00791556728232,0.00527704485488,0.0158520475561,0.0606860158311,0.00264200792602,0.0408970976253,0.0491367861886,0.160427807487,0.0337837837838,0.0769230769231,0.186721991701,0.0255319148936,0.00301204819277,0.0289389067524
P,0.227272727273,0.0487804878049,0.0220820189274,0.0208333333333,0.0188235294118,0.239600665557,0.1264,0.0189873417722,0.0876132930514,0.0,0.0,0.0,0.0871313672922,0.00133689839572,0.0628342245989,0.00133689839572,0.0228187919463,0.0120643431635,0.00533333333333,0.00805369127517,0.00267379679144,0.0388219544846,0.0121130551817,0.00284495021337,0.0,0.011611030479,0.0,0.00875912408759,0.018315018315,0.133580705009,0.014598540146,0.168449197861,0.0025974025974,0.0414634146341,0.0583941605839,0.273381294964,0.0619047619048,0.578571428571,0.0604026845638,0.10597826087,0.246418338109,0.0225352112676,0.0311111111111,0.0763052208835,0.00528401585205,0.0330250990753,0.0,0.739762219287,0.0,0.209210526316,0.00131578947368,0.0,0.0,0.0,0.0,0.00131406044678,0.709592641261,0.0,0.00414937759336,0.0328515111695,0.0,0.0,0.0,0.0,0.0,0.0,0.0197109067017,0.136662286465,0.33069828722,0.0048309178744,0.0,0.00923482849604,0.0188284518828,0.0712742980562,0.0734966592428,0.0043795620438,0.0464441219158,0.0622347949081,0.245205479452,0.140988372093,0.239130434783,0.0438729198185,0.0120481927711,0.00899550224888,0.0193740685544,0.0523255813953,0.35,0.353956834532,0.00663129973475,0.00183823529412,0.188153310105,0.177631578947,0.033422459893,0.0,0.0419947506562,0.0183727034121,0.217847769029,0.0262467191601,0.0,0.0,0.00262467191601,0.00131233595801,0.0,0.0,0.0,0.00262467191601,0.580052493438,0.00131233595801,0.0,0.0,0.0,0.0,0.0,0.0,0.00262123197903,0.0,0.0,0.00131061598952,0.0,0.0629095674967,0.0,0.0,0.0,0.0,0.0,0.0,0.00917431192661,0.00524246395806,0.0,0.420107719928,0.0,0.00536672629696,0.26222826087,0.0,0.0,0.0,0.00786369593709,0.00524246395806,0.00655307994758,0.0,0.0,0.0104849279161,0.0,0.0157273918742,0.0,0.00393184796855,0.259501965924,0.0185430463576,0.0697674418605,0.0541958041958,0.0064308681672,0.114285714286,0.0265700483092,0.00555555555556,0.0376044568245,0.0229885057471,0.00815217391304,0.008356545961,0.166180758017,0.0307262569832,0.00420168067227,0.0,0.00279329608939,0.0141843971631,0.00595238095238,0.0654761904762,0.027972027972,0.374449339207,0.0245614035088,0.0134770889488,0.0869565217391,0.00524934383202,0.00392670157068,0.0950920245399,0.00561797752809,0.00714285714286,0.0701030927835,0.00699300699301,0.00675675675676,0.0249307479224,0.0,0.0,0.0130718954248,0.00392670157068,0.0,0.253968253968,0.0,0.0,0.0,0.0,0.0,0.100785340314,0.0,0.0,0.801047120419,0.0,0.0,0.0,0.602883355177,0.0,0.0,0.0,0.0,0.0,0.0,0.0,0.0,0.00524934383202,0.45406824147,0.0,0.0,0.0118733509235,0.221052631579,0.0,0.0,0.0,0.0328083989501,0.0,0.0,0.0,0.0,0.0301837270341,0.0,0.0196850393701,0.011826544021,0.0,0.0,0.00263504611331,0.188405797101,0.177954847278,0.0182926829268,0.0744466800805,0.435225618632,0.515363128492,0.0499306518724,0.0404255319149,0.00443458980044,0.0194552529183,0.00132100396301,0.068090787717,0.0653333333333,0.0,0.0,0.00132100396301,0.00131926121372,0.0,0.0,0.00131926121372,0.0,0.0,0.0,0.00131752305665,0.0,0.0,0.0,0.0,0.0184453227931,0.0118577075099,0.0,0.0105263157895,0.0,0.0,0.169960474308,0.00658761528327,0.00263504611331,0.0,0.29419525066,0.0065963060686,0.00263852242744,0.00131926121372,0.0594451783355,0.0065963060686,0.0,0.106860158311,0.0159362549801,0.0106951871658,0.552702702703,0.0,0.0262793914246,0.0241134751773,0.00602409638554,0.0064308681672
A,0.0909090909091,0.264808362369,0.0914826498423,0.0833333333333,0.127058823529,0.0532445923461,0.0912,0.0838607594937,0.0151057401813,0.012084592145,0.0271084337349,0.00953678474114,0.083109919571,0.00133689839572,0.0160427807487,0.0601604278075,0.0496644295302,0.0361930294906,0.00533333333333,0.0120805369128,0.171122994652,0.00669344042838,0.0605652759085,0.0825035561878,0.0301291248207,0.0232220609579,0.00740740740741,0.299270072993,0.047619047619,0.0853432282004,0.0638686131387,0.0347593582888,0.368831168831,0.0658536585366,0.029197080292,0.0335731414868,0.0380952380952,0.0285714285714,0.0447427293065,0.125,0.0458452722063,0.0760563380282,0.0822222222222,0.0120481927711,0.0317040951123,0.0211360634082,0.0779392338177,0.0422721268164,0.0210526315789,0.0197368421053,0.260526315789,0.128947368421,0.00526315789474,0.0,0.00394218134034,0.0065703022339,0.0551905387648,0.0235849056604,0.0331950207469,0.00131406044678,0.0183968462549,0.0,0.0,0.0,0.0499342969777,0.0578186596583,0.0223390275953,0.198423127464,0.0395256916996,0.0740740740741,0.237086092715,0.197889182058,0.115062761506,0.0431965442765,0.126948775056,0.140145985401,0.0377358490566,0.0537482319661,0.0397260273973,0.186046511628,0.114130434783,0.0650529500756,0.152108433735,0.0794602698651,0.232488822653,0.0276162790698,0.136486486486,0.0287769784173,0.025198938992,0.110294117647,0.19512195122,0.0822368421053,0.0307486631016,0.00787401574803,0.0459317585302,0.00524934383202,0.0682414698163,0.259842519685,0.212598425197,0.0,0.270341207349,0.257217847769,0.140419947507,0.00393700787402,0.0183727034121,0.0905511811024,0.0288713910761,0.0853018372703,0.00524934383202,0.0,0.00656167979003,0.197903014417,0.00393184796855,0.0498034076016,0.0943643512451,0.00131061598952,0.0,0.00655307994758,0.0,0.0301441677588,0.0,0.0,0.625163826999,0.0340760157274,0.0982961992136,0.0969855832241,0.0484927916121,0.0445609436435,0.0,0.0538599640934,0.0107913669065,0.710196779964,0.0217391304348,0.00262123197903,0.0,0.0498034076016,0.00524246395806,0.0878112712975,0.145478374836,0.00917431192661,0.0144167758847,0.106159895151,0.191349934469,0.817824377457,0.0209698558322,0.119266055046,0.115334207077,0.170860927152,0.384496124031,0.0367132867133,0.0064308681672,0.0666666666667,0.173913043478,0.284722222222,0.0766016713092,0.412356321839,0.0135869565217,0.0306406685237,0.13556851312,0.189944134078,0.00840336134454,0.00139664804469,0.072625698324,0.524822695035,0.0595238095238,0.0,0.027972027972,0.057268722467,0.0368421052632,0.0269541778976,0.0223978919631,0.00393700787402,0.00785340314136,0.0444785276074,0.0182584269663,0.00714285714286,0.039175257732,0.153846153846,0.0135135135135,0.0332409972299,0.0079575596817,0.0144356955381,0.0078431372549,0.00785340314136,0.206806282723,0.021164021164,0.0224867724868,0.00261780104712,0.00130890052356,0.0850785340314,0.00130890052356,0.0287958115183,0.0628272251309,0.0,0.0170157068063,0.00393184796855,0.0,0.138925294889,0.0969855832241,0.00392670157068,0.0,0.0130890052356,0.0706806282723,0.0955497382199,0.00786369593709,0.0196592398427,0.00786369593709,0.0144356955381,0.0682414698163,0.015873015873,0.0448807854137,0.023746701847,0.0526315789474,0.0131233595801,0.00393700787402,0.00262467191601,0.37532808399,0.0866141732283,0.0,0.535433070866,0.270341207349,0.00918635170604,0.00918635170604,0.158792650919,0.0867279894875,0.0276315789474,0.0131578947368,0.0250329380764,0.0447957839262,0.0292164674635,0.274390243902,0.0402414486922,0.142649199418,0.0921787709497,0.0693481276006,0.0744680851064,0.226164079823,0.0155642023346,0.0,0.117489986649,0.0666666666667,0.236772486772,0.224867724868,0.0752972258917,0.126649076517,0.0620052770449,0.0144927536232,0.0765171503958,0.0171957671958,0.00658761528327,0.0372340425532,0.138339920949,0.00263852242744,0.399209486166,0.0938337801609,0.0744680851064,0.0250329380764,0.0500658761528,0.724431818182,0.0210526315789,0.0,0.0,0.0171277997365,0.0329380764163,0.0,0.00791556728232,0.139841688654,0.130606860158,0.0857519788918,0.0844327176781,0.120211360634,0.112137203166,0.00396301188904,0.023746701847,0.0597609561753,0.338235294118,0.0405405405405,0.00854700854701,0.116182572614,0.0751773049645,0.019578313253,0.0498392282958
V,0.113636363636,0.0662020905923,0.018927444795,0.169642857143,0.0282352941176,0.0133111480865,0.104,0.134493670886,0.0558912386707,0.0,0.128012048193,0.00136239782016,0.278820375335,0.033422459893,0.0,0.0588235294118,0.0,0.0469168900804,0.0706666666667,0.0469798657718,0.0735294117647,0.00267737617135,0.064602960969,0.0142247510669,0.0573888091822,0.150943396226,0.195061728395,0.029197080292,0.0238095238095,0.0445269016698,0.00547445255474,0.0213903743316,0.0441558441558,0.0121951219512,0.0608272506083,0.0119904076739,0.0285714285714,0.00238095238095,0.107382550336,0.0461956521739,0.0372492836676,0.043661971831,0.0577777777778,0.0107095046854,0.214002642008,0.00924702774108,0.0951122853369,0.0990752972259,0.457894736842,0.0144736842105,0.0355263157895,0.256578947368,0.134210526316,0.102496714849,0.0105124835742,0.0,0.00262812089356,0.00786163522013,0.00829875518672,0.0223390275953,0.277266754271,0.0670170827858,0.0512483574244,0.0,0.065703022339,0.0,0.0604467805519,0.00919842312746,0.0671936758893,0.00805152979066,0.0966887417219,0.137203166227,0.0167364016736,0.0215982721382,0.0512249443207,0.0481751824818,0.10595065312,0.018387553041,0.0,0.00436046511628,0.0489130434783,0.101361573374,0.105421686747,0.00899550224888,0.202682563338,0.0203488372093,0.0459459459459,0.0848920863309,0.220159151194,0.0477941176471,0.0348432055749,0.0296052631579,0.0133689839572,0.010498687664,0.0131233595801,0.11154855643,0.164041994751,0.00918635170604,0.0131233595801,0.0446194225722,0.00131233595801,0.00787401574803,0.0918635170604,0.0,0.200787401575,0.00393700787402,0.0459317585302,0.0,0.0,0.351706036745,0.00131233595801,0.086500655308,0.760157273919,0.424639580603,0.043250327654,0.0,0.0,0.00131061598952,0.0,0.0222804718218,0.0,0.0,0.040629095675,0.0,0.0,0.0720838794233,0.00524246395806,0.0131061598952,0.0288335517693,0.00538599640934,0.0,0.00715563506261,0.0190217391304,0.196592398427,0.149410222805,0.731323722149,0.00131061598952,0.0,0.0117955439056,0.0,0.0262123197903,0.00131061598952,0.0196592398427,0.043250327654,0.00655307994758,0.0157273918742,0.0144167758847,0.158940397351,0.0077519379845,0.0192307692308,0.0064308681672,0.0190476190476,0.0169082125604,0.0180555555556,0.025069637883,0.169540229885,0.023097826087,0.110027855153,0.030612244898,0.0223463687151,0.0112044817927,0.0251396648045,0.0167597765363,0.0141843971631,0.0833333333333,0.0238095238095,0.0,0.00881057268722,0.0175438596491,0.0431266846361,0.00527009222661,0.0603674540682,0.0418848167539,0.105828220859,0.192415730337,0.264285714286,0.039175257732,0.020979020979,0.0,0.0,0.0424403183024,0.0656167979003,0.0130718954248,0.183246073298,0.103403141361,0.0,0.0357142857143,0.393979057592,0.11780104712,0.115183246073,0.140052356021,0.00130890052356,0.0143979057592,0.0,0.00785340314136,0.0,0.0,0.0117955439056,0.0196592398427,0.0,0.0366492146597,0.044502617801,0.0732984293194,0.103403141361,0.0825688073394,0.575360419397,0.00393184796855,0.00656167979003,0.00524934383202,0.011544011544,0.00420757363254,0.0,0.00789473684211,0.299212598425,0.144356955381,0.0288713910761,0.0380577427822,0.0380577427822,0.0,0.0406824146982,0.220472440945,0.00131233595801,0.191601049869,0.0209973753281,0.00919842312746,0.00131578947368,0.0184210526316,0.0131752305665,0.00395256916996,0.00132802124834,0.193089430894,0.156941649899,0.075691411936,0.0,0.00832177531207,0.0191489361702,0.144124168514,0.0233463035019,0.00264200792602,0.0534045393858,0.134666666667,0.0026455026455,0.0238095238095,0.178335535007,0.0065963060686,0.00263852242744,0.259552042161,0.00527704485488,0.00132275132275,0.130434782609,0.00531914893617,0.00922266139657,0.0501319261214,0.0619235836627,0.00670241286863,0.0172872340426,0.0144927536232,0.00527009222661,0.0255681818182,0.0210526315789,0.514473684211,0.263157894737,0.0263504611331,0.0,0.0,0.00263852242744,0.0145118733509,0.0290237467018,0.0765171503958,0.0408970976253,0.00396301188904,0.00527704485488,0.0515191545575,0.0171503957784,0.0318725099602,0.00802139037433,0.0297297297297,0.0,0.0193637621024,0.0524822695035,0.0180722891566,0.0257234726688
L,0.0643939393939,0.0662020905923,0.018927444795,0.0327380952381,0.04,0.00665557404326,0.0016,0.0,0.0694864048338,0.00453172205438,0.527108433735,0.00136239782016,0.19436997319,0.664438502674,0.072192513369,0.161764705882,0.0,0.0107238605898,0.436,0.0134228187919,0.096256684492,0.00267737617135,0.0888290713324,0.00711237553343,0.077474892396,0.2206095791,0.224691358025,0.0759124087591,0.00915750915751,0.0742115027829,0.0036496350365,0.0534759358289,0.0909090909091,0.0121951219512,0.0243309002433,0.0575539568345,0.0166666666667,0.00238095238095,0.00671140939597,0.00271739130435,0.0601719197708,0.0225352112676,0.00444444444444,0.0508701472557,0.0462351387054,0.0105680317041,0.266842800528,0.0145310435931,0.05,0.110526315789,0.00131578947368,0.0605263157895,0.796052631579,0.111695137976,0.00525624178712,0.00262812089356,0.00131406044678,0.00157232704403,0.0,0.241787122208,0.0788436268068,0.856767411301,0.011826544021,0.0,0.00919842312746,0.0,0.11038107753,0.00394218134034,0.0197628458498,0.0112721417069,0.0423841059603,0.121372031662,0.0167364016736,0.0237580993521,0.0801781737194,0.0189781021898,0.021770682148,0.016973125884,0.0013698630137,0.0145348837209,0.00271739130435,0.349470499244,0.0496987951807,0.0179910044978,0.0655737704918,0.0523255813953,0.0554054054054,0.0302158273381,0.0278514588859,0.0606617647059,0.0452961672474,0.0115131578947,0.00267379679144,0.00393700787402,0.0196850393701,0.59842519685,0.0485564304462,0.00131233595801,0.00656167979003,0.750656167979,0.00524934383202,0.0577427821522,0.391076115486,0.0,0.250656167979,0.00262467191601,0.0918635170604,0.00393700787402,0.0,0.0223097112861,0.011811023622,0.0681520314548,0.083879423329,0.0668414154653,0.259501965924,0.0,0.0,0.800786369594,0.0,0.48623853211,0.0,0.0,0.00262123197903,0.0,0.00131061598952,0.520314547837,0.00131061598952,0.18872870249,0.0511140235911,0.0107719928187,0.0,0.00357781753131,0.00679347826087,0.0747051114024,0.117955439056,0.0183486238532,0.00131061598952,0.00393184796855,0.0301441677588,0.00131061598952,0.457404980341,0.0104849279161,0.0144167758847,0.00131061598952,0.144167758847,0.0131061598952,0.0222804718218,0.0317880794702,0.0077519379845,0.0314685314685,0.0032154340836,0.0,0.0265700483092,0.0152777777778,0.0445682451253,0.0431034482759,0.0054347826087,0.314763231198,0.0510204081633,0.0139664804469,0.00140056022409,0.203910614525,0.0432960893855,0.00709219858156,0.0416666666667,0.22619047619,0.0,0.0440528634361,0.0157894736842,0.582210242588,0.00527009222661,0.0354330708661,0.0575916230366,0.116564417178,0.25702247191,0.0142857142857,0.0515463917526,0.0,0.0,0.0,0.0,0.188976377953,0.0183006535948,0.551047120419,0.0876963350785,0.00132275132275,0.00793650793651,0.185863874346,0.00785340314136,0.439790575916,0.284031413613,0.032722513089,0.221204188482,0.0,0.00261780104712,0.0,0.0,0.0,0.0157273918742,0.0,0.280104712042,0.20942408377,0.00392670157068,0.42277486911,0.287024901704,0.132372214941,0.00262123197903,0.772965879265,0.00524934383202,0.001443001443,0.015427769986,0.00131926121372,0.00263157894737,0.0879265091864,0.343832020997,0.59842519685,0.00524934383202,0.00262467191601,0.0,0.0564304461942,0.0419947506562,0.0,0.199475065617,0.0511811023622,0.0065703022339,0.00526315789474,0.185526315789,0.00922266139657,0.0566534914361,0.0252324037185,0.0650406504065,0.0181086519115,0.176128093159,0.0614525139665,0.00554785020804,0.0723404255319,0.250554323725,0.00194552529183,0.0,0.0440587449933,0.068,0.101851851852,0.0132275132275,0.188903566711,0.00527704485488,0.0,0.205533596838,0.0065963060686,0.0251322751323,0.458498023715,0.00797872340426,0.0276679841897,0.55672823219,0.0316205533597,0.0120643431635,0.0704787234043,0.0184453227931,0.00131752305665,0.00142045454545,0.0447368421053,0.232894736842,0.0697368421053,0.064558629776,0.00395256916996,0.00131752305665,0.0,0.0672823218997,0.00263852242744,0.0250659630607,0.0633245382586,0.0396301188904,0.00791556728232,0.413474240423,0.0131926121372,0.0796812749004,0.0280748663102,0.0324324324324,0.017094017094,0.00829875518672,0.0212765957447,0.0798192771084,0.016077170418
I,0.0568181818182,0.0418118466899,0.01261829653,0.119047619048,0.0823529411765,0.00332778702163,0.008,0.0332278481013,0.117824773414,0.0,0.0737951807229,0.00272479564033,0.131367292225,0.0935828877005,0.00133689839572,0.00401069518717,0.0,0.029490616622,0.108,0.0147651006711,0.0561497326203,0.00133868808568,0.00538358008075,0.00284495021337,0.106169296987,0.177068214804,0.177777777778,0.0204379562044,0.003663003663,0.012987012987,0.0036496350365,0.0775401069519,0.0025974025974,0.0,0.0802919708029,0.00719424460432,0.0142857142857,0.0119047619048,0.00447427293065,0.0108695652174,0.0114613180516,0.0211267605634,0.0111111111111,0.0361445783133,0.199471598415,0.00528401585205,0.204755614267,0.0396301188904,0.205263157895,0.0815789473684,0.00657894736842,0.0486842105263,0.025,0.762155059133,0.0,0.00394218134034,0.00131406044678,0.00786163522013,0.0207468879668,0.0131406044678,0.53876478318,0.0459921156373,0.139290407359,0.0,0.00131406044678,0.0,0.0486202365309,0.00131406044678,0.0158102766798,0.00805152979066,0.0198675496689,0.101583113456,0.0460251046025,0.00647948164147,0.00890868596882,0.0102189781022,0.0159651669086,0.004243281471,0.0123287671233,0.00581395348837,0.00271739130435,0.0968229954614,0.0165662650602,0.00599700149925,0.0894187779434,0.0174418604651,0.0405405405405,0.0402877697842,0.0888594164456,0.0349264705882,0.0,0.00328947368421,0.0187165775401,0.00918635170604,0.00262467191601,0.148293963255,0.0511811023622,0.00131233595801,0.0183727034121,0.187664041995,0.00262467191601,0.00656167979003,0.137795275591,0.0,0.107611548556,0.0,0.181102362205,0.0,0.0,0.60498687664,0.0,0.045871559633,0.131061598952,0.35124508519,0.16120576671,0.0,0.0,0.00393184796855,0.0,0.0262123197903,0.0,0.0,0.0314547837484,0.0,0.0,0.124508519004,0.00131061598952,0.0117955439056,0.00524246395806,0.00359066427289,0.0,0.0,0.00951086956522,0.454783748362,0.272608125819,0.0878112712975,0.0,0.0,0.0104849279161,0.0,0.0524246395806,0.00262123197903,0.0,0.0196592398427,0.0144167758847,0.0,0.0249017038008,0.0158940397351,0.0077519379845,0.0174825174825,0.0,0.0190476190476,0.0024154589372,0.0125,0.0403899721448,0.00574712643678,0.0054347826087,0.236768802228,0.00291545189504,0.00977653631285,0.00280112044818,0.125698324022,0.0237430167598,0.0496453900709,0.0238095238095,0.380952380952,0.034965034965,0.0,0.00350877192982,0.0592991913747,0.00131752305665,0.0406824146982,0.020942408377,0.0858895705521,0.230337078652,0.171428571429,0.0288659793814,0.0,0.0,0.0,0.0079575596817,0.0433070866142,0.0,0.13219895288,0.00523560209424,0.0,0.00132275132275,0.374345549738,0.0405759162304,0.187172774869,0.243455497382,0.00261780104712,0.0065445026178,0.0,0.0,0.0,0.0,0.00131061598952,0.0157273918742,0.0,0.0065445026178,0.086387434555,0.0746073298429,0.0340314136126,0.0275229357798,0.262123197903,0.0,0.00262467191601,0.00262467191601,0.001443001443,0.0,0.00131926121372,0.00394736842105,0.198162729659,0.41469816273,0.0459317585302,0.0328083989501,0.0866141732283,0.0,0.00656167979003,0.120734908136,0.00918635170604,0.0433070866142,0.0406824146982,0.00262812089356,0.0118421052632,0.0565789473684,0.00527009222661,0.00131752305665,0.00265604249668,0.213414634146,0.150905432596,0.0407569141194,0.00279329608939,0.0180305131761,0.144680851064,0.117516629712,0.00194552529183,0.0,0.00934579439252,0.0626666666667,0.00793650793651,0.00925925925926,0.0713342140026,0.00131926121372,0.00131926121372,0.206851119895,0.0,0.00132275132275,0.335968379447,0.00132978723404,0.00527009222661,0.23746701847,0.00790513833992,0.00268096514745,0.0226063829787,0.00658761528327,0.00131752305665,0.00426136363636,0.0289473684211,0.185526315789,0.260526315789,0.0843214756258,0.0,0.0,0.0,0.0303430079156,0.00527704485488,0.0171503957784,0.0382585751979,0.00396301188904,0.00131926121372,0.0700132100396,0.0554089709763,0.0146082337317,0.00668449197861,0.0121621621622,0.0,0.00553250345781,0.00567375886525,0.019578313253,0.0064308681672
M,0.200757575758,0.0766550522648,0.0725552050473,0.0744047619048,0.24,0.329450915141,0.0464,0.0158227848101,0.202416918429,0.0,0.180722891566,0.00272479564033,0.0991957104558,0.072192513369,0.0,0.00267379679144,0.0,0.0107238605898,0.190666666667,0.0174496644295,0.159090909091,0.0,0.0228802153432,0.0,0.012912482066,0.137880986938,0.0395061728395,0.0014598540146,0.115384615385,0.0500927643785,0.0,0.0187165775401,0.00519480519481,0.00243902439024,0.00243309002433,0.0119904076739,0.0047619047619,0.0,0.00223713646532,0.0054347826087,0.00573065902579,0.00140845070423,0.00666666666667,0.095046854083,0.0303830911493,0.00528401585205,0.0409511228534,0.0198150594452,0.0947368421053,0.0171052631579,0.0105263157895,0.00789473684211,0.00131578947368,0.0144546649146,0.00262812089356,0.0,0.0,0.00157232704403,0.0,0.0,0.0170827858081,0.0275952693824,0.0,0.0,0.0,0.00131406044678,0.0512483574244,0.0,0.00395256916996,0.0048309178744,0.0158940397351,0.126649076517,0.0125523012552,0.0302375809935,0.011135857461,0.0014598540146,0.00290275761974,0.00565770862801,0.0,0.00581395348837,0.0108695652174,0.0453857791225,0.0436746987952,0.00149925037481,0.0357675111773,0.0683139534884,0.0121621621622,0.00719424460432,0.0053050397878,0.345588235294,0.0,0.00328947368421,0.00267379679144,0.0249343832021,0.00131233595801,0.011811023622,0.00262467191601,0.00262467191601,0.0,0.00524934383202,0.00262467191601,0.00656167979003,0.0354330708661,0.0,0.010498687664,0.00131233595801,0.00524934383202,0.0,0.0,0.00131233595801,0.0,0.0262123197903,0.0157273918742,0.00131061598952,0.103538663172,0.0,0.0,0.0550458715596,0.0,0.0222804718218,0.0,0.0,0.00262123197903,0.0,0.0,0.0183486238532,0.00393184796855,0.104849279161,0.00262123197903,0.0,0.0,0.0,0.0149456521739,0.0117955439056,0.00262123197903,0.0117955439056,0.0,0.0,0.00262123197903,0.0,0.0314547837484,0.00655307994758,0.0,0.00393184796855,0.0615989515072,0.00131061598952,0.0117955439056,0.00397350993377,0.0124031007752,0.0262237762238,0.0032154340836,0.0,0.024154589372,0.0263888888889,0.00696378830084,0.00862068965517,0.00271739130435,0.0139275766017,0.0116618075802,0.00279329608939,0.0,0.0628491620112,0.0111731843575,0.00709219858156,0.0178571428571,0.0357142857143,0.00699300699301,0.0,0.00175438596491,0.0229110512129,0.00131752305665,0.010498687664,0.0065445026178,0.010736196319,0.0112359550562,0.0357142857143,0.0,0.0,0.0,0.0,0.0026525198939,0.0262467191601,0.00130718954248,0.00523560209424,0.0261780104712,0.0,0.0,0.0157068062827,0.0065445026178,0.0471204188482,0.0183246073298,0.0065445026178,0.0431937172775,0.0,0.0,0.0,0.0,0.00131061598952,0.0,0.0,0.116492146597,0.167539267016,0.011780104712,0.218586387435,0.0511140235911,0.00262123197903,0.00131061598952,0.0734908136483,0.0,0.001443001443,0.00981767180926,0.0,0.00131578947368,0.0721784776903,0.0157480314961,0.00656167979003,0.00524934383202,0.00262467191601,0.0,0.0183727034121,0.00131233595801,0.00918635170604,0.0446194225722,0.0328083989501,0.00131406044678,0.0105263157895,0.0315789473684,0.00131752305665,0.00922266139657,0.0159362549801,0.00609756097561,0.0120724346076,0.0160116448326,0.0614525139665,0.00970873786408,0.00851063829787,0.0465631929047,0.0,0.00132100396301,0.0200267022697,0.0,0.021164021164,0.0238095238095,0.0237780713342,0.00527704485488,0.0,0.068511198946,0.0065963060686,0.0820105820106,0.0395256916996,0.00531914893617,0.0276679841897,0.032981530343,0.00658761528327,0.00134048257373,0.0093085106383,0.00527009222661,0.0,0.0,0.0328947368421,0.0473684210526,0.0210526315789,0.00658761528327,0.00131752305665,0.0,0.00131926121372,0.0686015831135,0.00263852242744,0.0065963060686,0.00527704485488,0.0145310435931,0.00395778364116,0.0501981505945,0.0250659630607,0.0239043824701,0.00133689839572,0.00675675675676,0.0,0.0,0.0,0.00602409638554,0.0032154340836
C,0.00378787878788,0.0104529616725,0.00630914826498,0.00892857142857,0.190588235294,0.00665557404326,0.0032,0.00158227848101,0.00302114803625,0.0,0.0,0.0,0.0107238605898,0.00133689839572,0.00668449197861,0.117647058824,0.00134228187919,0.0,0.0306666666667,0.00134228187919,0.205882352941,0.00267737617135,0.00538358008075,0.00711237553343,0.0,0.00145137880987,0.0,0.00729927007299,0.00549450549451,0.00556586270872,0.0036496350365,0.00267379679144,0.0,0.0,0.0,0.00239808153477,0.0,0.00714285714286,0.0,0.00271739130435,0.00286532951289,0.00281690140845,0.0,0.00133868808568,0.00792602377807,0.00528401585205,0.0409511228534,0.0,0.0197368421053,0.0144736842105,0.159210526316,0.00131578947368,0.0,0.0,0.0,0.00131406044678,0.0,0.0,0.00414937759336,0.00919842312746,0.0,0.0,0.0,0.0,0.0144546649146,0.00131406044678,0.34691195795,0.0183968462549,0.00131752305665,0.00322061191626,0.0423841059603,0.0065963060686,0.00418410041841,0.0,0.0,0.0,0.0,0.001414427157,0.0013698630137,0.00145348837209,0.0,0.00151285930408,0.0256024096386,0.0,0.0208643815201,0.00726744186047,0.0027027027027,0.00143884892086,0.0079575596817,0.00735294117647,0.00348432055749,0.0,0.00668449197861,0.0892388451444,0.00787401574803,0.0958005249344,0.0,0.00131233595801,0.0,0.00393700787402,0.0,0.0144356955381,0.0196850393701,0.00131233595801,0.00393700787402,0.00262467191601,0.00393700787402,0.00131233595801,0.0,0.0,0.0,0.0157273918742,0.0,0.00131061598952,0.0655307994758,0.0,0.00262123197903,0.00131061598952,0.0,0.0131061598952,0.0,0.0,0.0825688073394,0.0,0.155963302752,0.00262123197903,0.0550458715596,0.0,0.00655307994758,0.0502692998205,0.0,0.0429338103757,0.0054347826087,0.00262123197903,0.00131061598952,0.0773263433814,0.0,0.00131061598952,0.00655307994758,0.0,0.0,0.00131061598952,0.00131061598952,0.00262123197903,0.0668414154653,0.00262123197903,0.0157273918742,0.0132450331126,0.0015503875969,0.0104895104895,0.0,0.0,0.00724637681159,0.00277777777778,0.0,0.00431034482759,0.00271739130435,0.025069637883,0.0,0.00279329608939,0.0,0.0307262569832,0.00139664804469,0.0,0.0,0.0,0.0,0.0,0.00175438596491,0.00269541778976,0.0,0.0,0.00523560209424,0.00613496932515,0.0,0.0,0.0,0.0,0.0,0.0,0.0,0.00262467191601,0.0,0.00130890052356,0.0641361256545,0.0,0.0,0.0,0.00392670157068,0.0287958115183,0.0,0.00130890052356,0.0484293193717,0.0,0.00130890052356,0.00131061598952,0.0,0.0,0.00393184796855,0.00130890052356,0.00785340314136,0.0785340314136,0.0104712041885,0.00130890052356,0.0,0.0,0.00131061598952,0.0,0.0,0.001443001443,0.0,0.0,0.00526315789474,0.00131233595801,0.00787401574803,0.00393700787402,0.0472440944882,0.00131233595801,0.0,0.0183727034121,0.122047244094,0.00131233595801,0.00918635170604,0.00524934383202,0.0,0.00526315789474,0.00131578947368,0.0,0.00263504611331,0.00398406374502,0.0264227642276,0.0,0.00145560407569,0.00418994413408,0.0,0.0,0.00221729490022,0.0,0.00132100396301,0.0,0.00133333333333,0.0,0.00396825396825,0.00396301188904,0.0,0.0,0.00263504611331,0.0,0.00132275132275,0.00395256916996,0.0,0.0,0.0,0.00658761528327,0.00268096514745,0.00132978723404,0.00263504611331,0.00131752305665,0.00284090909091,0.00263157894737,0.0,0.00789473684211,0.0606060606061,0.00395256916996,0.0,0.0343007915567,0.0,0.0,0.00395778364116,0.00263852242744,0.0,0.00263852242744,0.0118890356671,0.00527704485488,0.00265604249668,0.00401069518717,0.00135135135135,0.0,0.00276625172891,0.0255319148936,0.00301204819277,0.0016077170418
F,0.0189393939394,0.00696864111498,0.10094637224,0.0,0.00235294117647,0.00332778702163,0.0032,0.0,0.0,0.0,0.0557228915663,0.0381471389646,0.0697050938338,0.121657754011,0.0,0.00534759358289,0.0,0.0174262734584,0.024,0.0107382550336,0.0160427807487,0.0053547523427,0.00134589502019,0.00711237553343,0.120516499283,0.11465892598,0.0641975308642,0.0131386861314,0.010989010989,0.0111317254174,0.014598540146,0.00267379679144,0.0831168831169,0.00487804878049,0.00243309002433,0.00239808153477,0.0119047619048,0.0642857142857,0.0,0.0,0.0,0.0112676056338,0.0,0.0856760374833,0.0383091149273,0.00396301188904,0.180977542933,0.00132100396301,0.0131578947368,0.0236842105263,0.0671052631579,0.165789473684,0.0184210526316,0.00788436268068,0.00131406044678,0.0,0.0,0.00314465408805,0.0,0.0065703022339,0.0354796320631,0.00131406044678,0.425755584757,0.0,0.0,0.0,0.0341655716163,0.00262812089356,0.00658761528327,0.00644122383253,0.0331125827815,0.00791556728232,0.00209205020921,0.0,0.0178173719376,0.0014598540146,0.0348330914369,0.011315417256,0.0452054794521,0.00872093023256,0.0054347826087,0.0590015128593,0.0180722891566,0.0,0.107302533532,0.523255813953,0.0108108108108,0.0388489208633,0.0278514588859,0.104779411765,0.0,0.0,0.00534759358289,0.00131233595801,0.00787401574803,0.00524934383202,0.0,0.0,0.0,0.00787401574803,0.0,0.0,0.00131233595801,0.0,0.0590551181102,0.0,0.00524934383202,0.0,0.0,0.0196850393701,0.0,0.0681520314548,0.00393184796855,0.0917431192661,0.0183486238532,0.0,0.0,0.0589777195282,0.0,0.213630406291,0.0,0.0,0.0,0.00131061598952,0.00131061598952,0.0,0.00393184796855,0.0825688073394,0.889908256881,0.0,0.0,0.0,0.00135869565217,0.0760157273919,0.0615989515072,0.00393184796855,0.00262123197903,0.00262123197903,0.00131061598952,0.0,0.132372214941,0.0,0.124508519004,0.00393184796855,0.250327653997,0.0183486238532,0.0301441677588,0.0172185430464,0.0062015503876,0.152097902098,0.0,0.0,0.0893719806763,0.0152777777778,0.0125348189415,0.0646551724138,0.0720108695652,0.0905292479109,0.00583090379009,0.0,0.0,0.336592178771,0.0125698324022,0.0,0.10119047619,0.0,0.00699300699301,0.00881057268722,0.0,0.0296495956873,0.0,0.0839895013123,0.00916230366492,0.090490797546,0.202247191011,0.0,0.0,0.020979020979,0.0,0.0,0.0716180371353,0.128608923885,0.0,0.0680628272251,0.378272251309,0.0,0.0,0.0261780104712,0.00785340314136,0.0562827225131,0.0523560209424,0.107329842932,0.108638743455,0.0,0.0,0.0,0.0,0.0,0.00786369593709,0.0,0.00392670157068,0.00261780104712,0.0065445026178,0.0811518324607,0.045871559633,0.00524246395806,0.0,0.0131233595801,0.0,0.0,0.00420757363254,0.0,0.0,0.199475065617,0.0524934383202,0.254593175853,0.0,0.00656167979003,0.0,0.010498687664,0.0879265091864,0.010498687664,0.0564304461942,0.00393700787402,0.00131406044678,0.0,0.136842105263,0.00263504611331,0.00263504611331,0.00265604249668,0.00813008130081,0.00201207243461,0.00873362445415,0.00837988826816,0.0,0.172340425532,0.0,0.0505836575875,0.00132100396301,0.00934579439252,0.00133333333333,0.0,0.0582010582011,0.14927344782,0.00527704485488,0.00395778364116,0.0329380764163,0.00131926121372,0.0251322751323,0.0184453227931,0.00132978723404,0.0118577075099,0.0395778364116,0.0,0.00134048257373,0.00132978723404,0.0606060606061,0.0,0.0,0.0157894736842,0.00921052631579,0.114473684211,0.35441370224,0.00395256916996,0.0,0.0,0.0131926121372,0.00395778364116,0.108179419525,0.364116094987,0.0145310435931,0.00131926121372,0.214002642008,0.00527704485488,0.0185922974768,0.0895721925134,0.00675675675676,0.0,0.0110650069156,0.246808510638,0.0828313253012,0.0128617363344
Y,0.00757575757576,0.01393728223,0.0441640378549,0.0119047619048,0.0,0.00166389351082,0.0064,0.0,0.00906344410876,0.0,0.00451807228916,0.396457765668,0.00134048257373,0.00267379679144,0.0200534759358,0.0213903743316,0.00134228187919,0.0630026809651,0.004,0.00805369127517,0.0655080213904,0.00267737617135,0.0336473755047,0.00853485064011,0.111908177905,0.055152394775,0.0296296296296,0.0335766423358,0.0018315018315,0.00556586270872,0.00182481751825,0.0,0.0155844155844,0.00243902439024,0.021897810219,0.00479616306954,0.00714285714286,0.0,0.0402684563758,0.00271739130435,0.00286532951289,0.00140845070423,0.0,0.045515394913,0.0911492734478,0.00528401585205,0.00660501981506,0.0,0.00394736842105,0.222368421053,0.00657894736842,0.251315789474,0.0184210526316,0.00131406044678,0.0170827858081,0.030223390276,0.0,0.00314465408805,0.0,0.0381077529566,0.0065703022339,0.0,0.11432325887,0.0,0.0,0.0,0.0223390275953,0.00131406044678,0.0790513833992,0.0,0.00794701986755,0.089709762533,0.00418410041841,0.00431965442765,0.0445434298441,0.014598540146,0.136429608128,0.0848656294201,0.0452054794521,0.00726744186047,0.0054347826087,0.00907715582451,0.0798192771084,0.00449775112444,0.0193740685544,0.116279069767,0.0391891891892,0.0690647482014,0.0305039787798,0.0294117647059,0.0,0.0,0.0,0.00656167979003,0.12467191601,0.00131233595801,0.00262467191601,0.00131233595801,0.0236220472441,0.0,0.00131233595801,0.0,0.0,0.0,0.194225721785,0.0,0.00131233595801,0.00131233595801,0.0,0.0,0.0,0.306684141547,0.0,0.0,0.00917431192661,0.0,0.0,0.0131061598952,0.00262123197903,0.0222804718218,0.0,0.0,0.0,0.0,0.00655307994758,0.00131061598952,0.0511140235911,0.0642201834862,0.00131061598952,0.0,0.0,0.0,0.00271739130435,0.0196592398427,0.24377457405,0.00393184796855,0.0,0.00131061598952,0.0,0.0,0.203145478375,0.00655307994758,0.207077326343,0.00262123197903,0.127129750983,0.145478374836,0.00786369593709,0.0900662251656,0.0031007751938,0.013986013986,0.0064308681672,0.0,0.0217391304348,0.00277777777778,0.0125348189415,0.00718390804598,0.764945652174,0.033426183844,0.0102040816327,0.00698324022346,0.175070028011,0.0851955307263,0.00139664804469,0.0,0.0,0.0,0.0,0.0132158590308,0.0,0.0350404312668,0.0,0.101049868766,0.00392670157068,0.00153374233129,0.00280898876404,0.0,0.00824742268041,0.0559440559441,0.0,0.0,0.053050397878,0.202099737533,0.00653594771242,0.0,0.0876963350785,0.0,0.0,0.0,0.00785340314136,0.0,0.0431937172775,0.0261780104712,0.00392670157068,0.0,0.0157068062827,0.0,0.0,0.0,0.0157273918742,0.0,0.0,0.0235602094241,0.00130890052356,0.00130890052356,0.0222804718218,0.0,0.0,0.0,0.00262467191601,0.001443001443,0.0112201963534,0.00131926121372,0.00789473684211,0.0341207349081,0.00393700787402,0.00131233595801,0.0,0.0,0.0,0.00262467191601,0.0774278215223,0.488188976378,0.00787401574803,0.0144356955381,0.00262812089356,0.00657894736842,0.361842105263,0.00922266139657,0.00922266139657,0.00531208499336,0.0182926829268,0.00201207243461,0.00582241630277,0.0,0.00277392510402,0.0,0.00443458980044,0.24513618677,0.0,0.0253671562083,0.00133333333333,0.0026455026455,0.0992063492063,0.0607661822985,0.00395778364116,0.00395778364116,0.0289855072464,0.0065963060686,0.0251322751323,0.0,0.00132978723404,0.0144927536232,0.0263852242744,0.00263504611331,0.00134048257373,0.00132978723404,0.0566534914361,0.0,0.00142045454545,0.00263157894737,0.00131578947368,0.0236842105263,0.115942028986,0.0,0.0,0.0,0.0211081794195,0.00131926121372,0.0184696569921,0.0303430079156,0.00528401585205,0.00131926121372,0.0977542932629,0.00131926121372,0.00929614873838,0.0120320855615,0.00405405405405,0.0,0.0276625172891,0.297872340426,0.638554216867,0.0209003215434
W,0.0,0.00348432055749,0.00315457413249,0.0,0.0,0.0,0.0,0.0,0.0,0.0,0.0,0.152588555858,0.00938337801609,0.0,0.0,0.0,0.0,0.0536193029491,0.00666666666667,0.00134228187919,0.0,0.0,0.00672947510094,0.0,0.238163558106,0.00145137880987,0.00493827160494,0.0,0.0,0.00185528756957,0.00182481751825,0.0,0.038961038961,0.0,0.0,0.0,0.0,0.00238095238095,0.0,0.0,0.00573065902579,0.00704225352113,0.0,0.105756358768,0.00660501981506,0.00528401585205,0.0,0.00132100396301,0.0,0.0789473684211,0.0671052631579,0.0276315789474,0.0,0.0,0.0,0.0,0.0,0.0,0.0,0.0367936925099,0.0,0.0,0.257555847569,0.0,0.0,0.0,0.011826544021,0.00131406044678,0.0,0.0,0.0609271523179,0.0145118733509,0.0,0.0,0.00668151447661,0.0014598540146,0.0696661828737,0.642149929279,0.00547945205479,0.0,0.0,0.0121028744327,0.00602409638554,0.00149925037481,0.00745156482861,0.00290697674419,0.0351351351351,0.0402877697842,0.00663129973475,0.03125,0.0,0.0,0.0,0.00131233595801,0.0262467191601,0.0,0.0,0.0,0.0,0.0,0.0,0.0,0.0,0.0,0.0,0.0,0.0,0.0,0.0,0.0,0.0,0.0222804718218,0.0,0.0,0.0,0.0,0.0,0.00393184796855,0.0,0.00524246395806,0.0,0.0,0.0,0.0,0.0,0.0,0.0,0.00131061598952,0.0144167758847,0.00179533213645,0.0,0.0,0.0,0.0249017038008,0.0747051114024,0.0,0.0,0.0,0.0,0.0,0.0222804718218,0.00262123197903,0.0327653997379,0.00131061598952,0.0249017038008,0.180865006553,0.00524246395806,0.0,0.136434108527,0.0104895104895,0.0,0.0,0.0024154589372,0.00138888888889,0.0,0.0014367816092,0.00407608695652,0.00139275766017,0.0991253644315,0.0,0.0,0.0949720670391,0.0,0.0,0.440476190476,0.0,0.0,0.00440528634361,0.00175438596491,0.00269541778976,0.0,0.622047244094,0.0,0.0,0.00140449438202,0.0,0.0,0.048951048951,0.0,0.0,0.0,0.0144356955381,0.0,0.00130890052356,0.00916230366492,0.0,0.0,0.00130890052356,0.00785340314136,0.00130890052356,0.0065445026178,0.0,0.00523560209424,0.0,0.00130890052356,0.0,0.0,0.0,0.10878112713,0.0,0.0,0.0,0.0,0.0,0.00786369593709,0.00131061598952,0.0,0.0,0.0,0.0,0.0,0.0,0.00789473684211,0.0590551181102,0.0,0.0551181102362,0.0,0.0,0.0,0.0,0.00262467191601,0.010498687664,0.0131233595801,0.00787401574803,0.0,0.0,0.164473684211,0.0,0.00395256916996,0.00398406374502,0.00406504065041,0.00603621730382,0.0,0.0,0.00138696255201,0.221276595745,0.0,0.157587548638,0.0,0.00133511348465,0.00133333333333,0.00132275132275,0.353174603175,0.00924702774108,0.00131926121372,0.0,0.00131752305665,0.0,0.015873015873,0.0,0.0,0.0,0.0065963060686,0.0,0.00134048257373,0.0,0.00263504611331,0.0,0.0,0.00263157894737,0.0,0.227631578947,0.0,0.00131752305665,0.0,0.00131926121372,0.0184696569921,0.00131926121372,0.0,0.29419525066,0.00264200792602,0.0,0.0198150594452,0.00131926121372,0.00398406374502,0.00802139037433,0.0486486486486,0.0,0.00138312586445,0.0496453900709,0.00753012048193,0.0
H,0.0,0.00696864111498,0.00315457413249,0.00595238095238,0.0117647058824,0.00166389351082,0.008,0.0126582278481,0.0,0.012084592145,0.00150602409639,0.212534059946,0.0,0.0,0.0548128342246,0.0106951871658,0.0,0.0160857908847,0.0386666666667,0.0456375838926,0.00935828877005,0.00803212851406,0.021534320323,0.0568990042674,0.0430416068867,0.00435413642961,0.00987654320988,0.021897810219,0.00915750915751,0.155844155844,0.0127737226277,0.0,0.0571428571429,0.00487804878049,0.029197080292,0.031175059952,0.0452380952381,0.0119047619048,0.0402684563758,0.0108695652174,0.00286532951289,0.0732394366197,0.00222222222222,0.00669344042838,0.0132100396301,0.00792602377807,0.00132100396301,0.0,0.0,0.0723684210526,0.0,0.00263157894737,0.0,0.0,0.00525624178712,0.754270696452,0.0,0.0581761006289,0.00414937759336,0.0381077529566,0.0,0.0,0.0,0.0,0.0,0.0,0.00394218134034,0.165571616294,0.0223978919631,0.0209339774557,0.0264900662252,0.00131926121372,0.0251046025105,0.0107991360691,0.0244988864143,0.0043795620438,0.145137880987,0.00565770862801,0.00684931506849,0.0116279069767,0.0108695652174,0.0166414523449,0.00903614457831,0.00749625187406,0.0119225037258,0.00145348837209,0.0027027027027,0.0690647482014,0.0557029177719,0.00367647058824,0.0,0.0279605263158,0.0200534759358,0.204724409449,0.0472440944882,0.0,0.0564304461942,0.0511811023622,0.0262467191601,0.0,0.00262467191601,0.00131233595801,0.010498687664,0.00656167979003,0.0629921259843,0.00262467191601,0.0,0.00787401574803,0.00131233595801,0.0,0.00918635170604,0.0602883355177,0.0,0.0,0.0104849279161,0.0,0.997378768021,0.0,0.981651376147,0.00786369593709,0.0,1.0,0.0,0.0,0.0131061598952,0.0144167758847,0.0445609436435,0.19003931848,0.0,0.00718132854578,0.0827338129496,0.0,0.00407608695652,0.103538663172,0.0681520314548,0.0,0.520314547837,0.00655307994758,0.00524246395806,0.0131061598952,0.0183486238532,0.0183486238532,0.131061598952,0.00262123197903,0.0275229357798,0.0157273918742,0.00393184796855,0.0225165562914,0.0263565891473,0.00524475524476,0.016077170418,0.0,0.012077294686,0.0347222222222,0.0139275766017,0.0014367816092,0.0557065217391,0.008356545961,0.00728862973761,0.107541899441,0.0112044817927,0.00139664804469,0.0139664804469,0.0,0.00595238095238,0.00595238095238,0.0,0.00440528634361,0.0245614035088,0.0309973045822,0.0105401844532,0.0,0.0641361256545,0.0,0.00702247191011,0.0,0.0144329896907,0.111888111888,0.00675675675676,0.0249307479224,0.100795755968,0.0997375328084,0.00653594771242,0.0392670157068,0.00261780104712,0.00132275132275,0.0026455026455,0.0,0.0248691099476,0.0,0.155759162304,0.253926701571,0.0,0.0,0.00523560209424,0.0,1.0,0.0,0.00393184796855,0.0,0.379581151832,0.0,0.0,0.0,0.0760157273919,0.0,0.0773263433814,0.0,0.00393700787402,0.040404040404,0.0280504908836,0.0065963060686,0.00394736842105,0.00131233595801,0.0,0.0,0.0,0.0,0.0,0.0524934383202,0.0,0.292650918635,0.0170603674541,0.0288713910761,0.00131406044678,0.118421052632,0.00131578947368,0.0210803689065,0.0171277997365,0.00265604249668,0.00609756097561,0.10060362173,0.00582241630277,0.0586592178771,0.00138696255201,0.00212765957447,0.00665188470067,0.0194552529183,0.00132100396301,0.144192256342,0.00933333333333,0.0304232804233,0.010582010582,0.0317040951123,0.023746701847,0.0,0.0289855072464,0.00923482849604,0.0026455026455,0.0,0.030585106383,0.0355731225296,0.0,0.00658761528327,0.0134048257373,0.00265957446809,0.0961791831357,0.0210803689065,0.0,0.0157894736842,0.0,0.0,0.00658761528327,0.0105401844532,0.993412384717,0.00131926121372,0.00395778364116,0.00791556728232,0.00527704485488,0.00395778364116,0.0224570673712,0.0145118733509,0.0237780713342,0.00263852242744,0.0650730411687,0.00133689839572,0.0027027027027,0.00854700854701,0.0359612724758,0.0156028368794,0.0346385542169,0.0048231511254
K,0.0189393939394,0.0174216027875,0.0283911671924,0.104166666667,0.0541176470588,0.108153078203,0.0656,0.0506329113924,0.0755287009063,0.640483383686,0.0,0.00817438692098,0.00134048257373,0.0,0.00802139037433,0.0,0.0,0.0187667560322,0.0,0.11677852349,0.0,0.103078982597,0.266487213997,0.022759601707,0.00143472022956,0.00435413642961,0.00246913580247,0.0160583941606,0.0604395604396,0.0148423005566,0.00547445255474,0.00802139037433,0.025974025974,0.0243902439024,0.021897810219,0.10551558753,0.0285714285714,0.0857142857143,0.0201342281879,0.149456521739,0.0429799426934,0.0647887323944,0.193333333333,0.0281124497992,0.0171730515192,0.0739762219287,0.00132100396301,0.00132100396301,0.0,0.0,0.0,0.0,0.0,0.0,0.0670170827858,0.0,0.0315374507227,0.127358490566,0.0207468879668,0.15111695138,0.0,0.0,0.0,0.0,0.0,0.0,0.0,0.0,0.0619235836627,0.0305958132045,0.0635761589404,0.00791556728232,0.0397489539749,0.0561555075594,0.0623608017817,0.0554744525547,0.0377358490566,0.019801980198,0.0150684931507,0.046511627907,0.0108695652174,0.00605143721634,0.0256024096386,0.119940029985,0.0149031296572,0.00726744186047,0.0391891891892,0.00143884892086,0.0503978779841,0.00551470588235,0.0243902439024,0.0542763157895,0.0441176470588,0.0393700787402,0.0577427821522,0.0,0.0288713910761,0.0183727034121,0.010498687664,0.0,0.216535433071,0.133858267717,0.00524934383202,0.0419947506562,0.00131233595801,0.143044619423,0.00262467191601,0.135170603675,0.00918635170604,0.0,0.325459317585,0.0498034076016,0.00131061598952,0.0,0.0,0.0,0.0,0.0,0.0,0.0,0.0,0.0,0.0,0.0,0.00131061598952,0.0,0.0589777195282,0.0196592398427,0.0,0.102333931777,0.106115107914,0.00357781753131,0.0584239130435,0.00655307994758,0.0,0.0,0.0,0.112712975098,0.131061598952,0.0,0.0288335517693,0.245085190039,0.00262123197903,0.0,0.0642201834862,0.0524246395806,0.0117955439056,0.00927152317881,0.102325581395,0.0227272727273,0.138263665595,0.0857142857143,0.118357487923,0.0972222222222,0.0111420612813,0.0,0.0,0.00696378830084,0.119533527697,0.117318435754,0.00140056022409,0.0,0.0586592178771,0.0354609929078,0.0357142857143,0.0714285714286,0.538461538462,0.0484581497797,0.0666666666667,0.0229110512129,0.130434782609,0.00524934383202,0.189790575916,0.0276073619632,0.0,0.364285714286,0.0247422680412,0.020979020979,0.00675675675676,0.0332409972299,0.0159151193634,0.0262467191601,0.0196078431373,0.0,0.0,0.0251322751323,0.015873015873,0.0,0.0916230366492,0.0,0.0235602094241,0.0130890052356,0.0,0.0135135135135,0.00523560209424,0.0,0.0,0.0,0.0157273918742,0.0,0.0,0.0,0.0,0.0,0.0563564875491,0.0,0.0655307994758,0.0,0.0603674540682,0.170274170274,0.015427769986,0.0382585751979,0.0171052631579,0.0209973753281,0.0,0.0,0.0,0.0,0.0,0.0,0.0,0.0,0.00524934383202,0.112860892388,0.0249671484888,0.00131578947368,0.0,0.0237154150198,0.038208168643,0.0836653386454,0.010162601626,0.167002012072,0.00436681222707,0.00139664804469,0.0332871012483,0.00425531914894,0.0,0.011673151751,0.0,0.0720961281709,0.0293333333333,0.0251322751323,0.00529100529101,0.0198150594452,0.0976253298153,0.0,0.00263504611331,0.0976253298153,0.386243386243,0.00131752305665,0.375,0.0632411067194,0.00263852242744,0.00922266139657,0.164879356568,0.102393617021,0.0474308300395,0.098814229249,0.00142045454545,0.146052631579,0.0,0.00131578947368,0.0,0.0,0.0,0.0,0.0923482849604,0.032981530343,0.0065963060686,0.00395778364116,0.17965653897,0.139841688654,0.00924702774108,0.242744063325,0.293492695883,0.0227272727273,0.0527027027027,0.00854700854701,0.0774550484094,0.00851063829787,0.00903614457831,0.0369774919614
R,0.0340909090909,0.0487804878049,0.0315457413249,0.0267857142857,0.00470588235294,0.00499168053245,0.0304,0.0522151898734,0.0211480362538,0.2416918429,0.0,0.0272479564033,0.00804289544236,0.0,0.0160427807487,0.0935828877005,0.00134228187919,0.203753351206,0.00133333333333,0.181208053691,0.00401069518717,0.0696117804552,0.0686406460296,0.0241820768137,0.0,0.00145137880987,0.0,0.0978102189781,0.010989010989,0.00927643784787,0.0200729927007,0.0695187165775,0.0493506493506,0.019512195122,0.0802919708029,0.0215827338129,0.0142857142857,0.0428571428571,0.0089485458613,0.103260869565,0.00859598853868,0.056338028169,0.02,0.20749665328,0.180977542933,0.0488771466314,0.0,0.0,0.0,0.00131578947368,0.0,0.0,0.0,0.0,0.0827858081472,0.00131406044678,0.0210249671485,0.0345911949686,0.0165975103734,0.120893561104,0.0,0.0,0.0,0.0,0.0,0.0,0.0,0.00788436268068,0.0724637681159,0.0708534621578,0.00662251655629,0.0145118733509,0.0271966527197,0.0107991360691,0.180400890869,0.0875912408759,0.21770682148,0.00707213578501,0.0027397260274,0.00436046511628,0.00271739130435,0.0211800302572,0.0331325301205,0.0419790104948,0.0253353204173,0.0130813953488,0.0175675675676,0.188489208633,0.051724137931,0.0220588235294,0.0,0.0871710526316,0.0307486631016,0.0354330708661,0.154855643045,0.0,0.0288713910761,0.0603674540682,0.196850393701,0.0,0.0524934383202,0.108923884514,0.00131233595801,0.0131233595801,0.00524934383202,0.128608923885,0.00656167979003,0.0301837270341,0.00131233595801,0.0,0.143044619423,0.00786369593709,0.0,0.0,0.0,0.0,0.0,0.0,0.00131061598952,0.0,0.0,0.0,0.0,0.0,0.0,0.0,0.0524246395806,0.0917431192661,0.0,0.08078994614,0.0503597122302,0.0,0.0529891304348,0.0,0.0,0.0,0.00917431192661,0.218872870249,0.145478374836,0.0,0.00655307994758,0.0878112712975,0.00131061598952,0.00131061598952,0.0760157273919,0.0183486238532,0.0275229357798,0.00529801324503,0.0139534883721,0.0909090909091,0.0192926045016,0.114285714286,0.0386473429952,0.0375,0.0194986072423,0.0014367816092,0.0,0.0571030640669,0.157434402332,0.0377094972067,0.00140056022409,0.0,0.036312849162,0.120567375887,0.0,0.00595238095238,0.125874125874,0.0176211453744,0.0350877192982,0.0188679245283,0.0909090909091,0.00918635170604,0.15445026178,0.00920245398773,0.00280898876404,0.0142857142857,0.103092783505,0.041958041958,0.0,0.0581717451524,0.185676392573,0.0341207349081,0.00653594771242,0.00392670157068,0.0,0.026455026455,0.0330687830688,0.0,0.140052356021,0.0,0.0248691099476,0.0968586387435,0.0,0.0,0.011780104712,0.0,0.0,0.0,0.0131061598952,0.0,0.0,0.0,0.0,0.00130890052356,0.0707732634338,0.0,0.132372214941,0.00656167979003,0.0236220472441,0.0779220779221,0.0336605890603,0.0646437994723,0.0184210526316,0.00131233595801,0.0,0.0,0.0,0.0,0.0,0.0,0.0,0.0,0.0183727034121,0.187664041995,0.0354796320631,0.0,0.0236842105263,0.0553359683794,0.0276679841897,0.0810092961487,0.0426829268293,0.130784708249,0.00582241630277,0.0,0.0429958391123,0.0063829787234,0.0,0.266536964981,0.0290620871863,0.0427236315087,0.0866666666667,0.0171957671958,0.0,0.0647291941876,0.266490765172,0.00263852242744,0.030303030303,0.201846965699,0.308201058201,0.0,0.389627659574,0.233201581028,0.0145118733509,0.0619235836627,0.27345844504,0.292553191489,0.034255599473,0.0474308300395,0.0,0.0960526315789,0.0,0.0,0.00263504611331,0.0,0.00131752305665,0.0,0.0263852242744,0.0277044854881,0.023746701847,0.0277044854881,0.0805812417437,0.0963060686016,0.00528401585205,0.300791556728,0.0571049136786,0.0347593582888,0.0148648648649,0.0,0.030428769018,0.0141843971631,0.0225903614458,0.0353697749196
Q,0.0227272727273,0.0383275261324,0.0220820189274,0.0714285714286,0.00705882352941,0.0166389351082,0.0784,0.0221518987342,0.0196374622356,0.00604229607251,0.0,0.0136239782016,0.00134048257373,0.00133689839572,0.102941176471,0.00267379679144,0.0,0.00804289544236,0.032,0.0738255033557,0.00802139037433,0.0267737617135,0.043068640646,0.0256045519203,0.00717360114778,0.00580551523948,0.0172839506173,0.0934306569343,0.00915750915751,0.0556586270872,0.0036496350365,0.0294117647059,0.0103896103896,0.00975609756098,0.0510948905109,0.0551558752998,0.0166666666667,0.0142857142857,0.0604026845638,0.0489130434783,0.0888252148997,0.0478873239437,0.0466666666667,0.0200803212851,0.0,0.0475561426684,0.00264200792602,0.00528401585205,0.00131578947368,0.00526315789474,0.0,0.0,0.0,0.0,0.0367936925099,0.00131406044678,0.00131406044678,0.12893081761,0.0207468879668,0.0,0.0,0.0,0.0,0.0,0.0,0.0,0.00262812089356,0.0,0.0118577075099,0.0322061191626,0.0,0.00791556728232,0.0355648535565,0.0259179265659,0.0423162583519,0.0175182481752,0.0275761973875,0.004243281471,0.00684931506849,0.0247093023256,0.0679347826087,0.00151285930408,0.173192771084,0.104947526237,0.0149031296572,0.0203488372093,0.0283783783784,0.0129496402878,0.0424403183024,0.0900735294118,0.00348432055749,0.0164473684211,0.0267379679144,0.242782152231,0.00393700787402,0.0,0.00656167979003,0.0157480314961,0.345144356955,0.0,0.0446194225722,0.171916010499,0.0,0.00262467191601,0.0,0.0393700787402,0.0,0.0183727034121,0.0144356955381,0.0,0.0236220472441,0.00786369593709,0.0,0.0,0.121887287025,0.0,0.0,0.0,0.0,0.0,0.0,0.0,0.00131061598952,0.0,0.0196592398427,0.0,0.0445609436435,0.0327653997379,0.0,0.0197486535009,0.044964028777,0.0,0.0298913043478,0.0,0.0,0.0,0.326343381389,0.043250327654,0.0301441677588,0.00262123197903,0.00131061598952,0.0353866317169,0.0262123197903,0.00131061598952,0.0393184796855,0.0720838794233,0.0340760157274,0.0211920529801,0.0046511627907,0.0227272727273,0.0032154340836,0.32380952381,0.0652173913043,0.0319444444444,0.0181058495822,0.0014367816092,0.00135869565217,0.00696378830084,0.0276967930029,0.0307262569832,0.00420168067227,0.00139664804469,0.0111731843575,0.0283687943262,0.0357142857143,0.0,0.034965034965,0.00440528634361,0.0385964912281,0.0431266846361,0.102766798419,0.0,0.151832460733,0.0322085889571,0.00140449438202,0.0214285714286,0.0123711340206,0.041958041958,0.0405405405405,0.0664819944598,0.0663129973475,0.00918635170604,0.0496732026144,0.0,0.00130890052356,0.112433862434,0.0,0.0,0.0602094240838,0.0,0.00130890052356,0.0235602094241,0.00523560209424,0.0,0.00261780104712,0.0,0.0,0.0,0.00393184796855,0.0,0.0183246073298,0.293193717277,0.0,0.0,0.21625163827,0.0,0.0393184796855,0.00131233595801,0.0367454068241,0.0577200577201,0.00981767180926,0.032981530343,0.00789473684211,0.0,0.0,0.0,0.0,0.0209973753281,0.0,0.127296587927,0.0,0.00131233595801,0.0341207349081,0.0892388451444,0.0289093298292,0.00921052631579,0.00131578947368,0.0197628458498,0.068511198946,0.00796812749004,0.00609756097561,0.0643863179074,0.00291120815138,0.128491620112,0.00693481276006,0.00425531914894,0.00886917960089,0.00389105058366,0.0105680317041,0.0146862483311,0.0306666666667,0.111111111111,0.00793650793651,0.0105680317041,0.0633245382586,0.0,0.0,0.230870712401,0.00396825396825,0.0,0.0585106382979,0.0764163372859,0.00131926121372,0.162055335968,0.073726541555,0.0824468085106,0.00922266139657,0.0421607378129,0.00568181818182,0.160526315789,0.0,0.00526315789474,0.0,0.0355731225296,0.0,0.00131926121372,0.0145118733509,0.0356200527704,0.356200527704,0.00395778364116,0.0964332892999,0.0725593667546,0.0118890356671,0.0633245382586,0.0650730411687,0.0254010695187,0.0135135135135,0.00854700854701,0.0318118948824,0.0212765957447,0.00301204819277,0.0369774919614
N,0.0416666666667,0.00696864111498,0.318611987382,0.0535714285714,0.0282352941176,0.0116472545757,0.0256,0.0474683544304,0.0287009063444,0.00151057401813,0.0,0.0108991825613,0.0,0.00133689839572,0.101604278075,0.096256684492,0.0,0.0361930294906,0.00266666666667,0.0295302013423,0.00802139037433,0.0214190093708,0.0134589502019,0.220483641536,0.0961262553802,0.00290275761974,0.0493827160494,0.0306569343066,0.245421245421,0.00742115027829,0.138686131387,0.0133689839572,0.0155844155844,0.019512195122,0.21897810219,0.0503597122302,0.45,0.047619047619,0.154362416107,0.00815217391304,0.0429799426934,0.154929577465,0.0111111111111,0.00401606425703,0.00132100396301,0.0250990752972,0.00132100396301,0.0,0.00657894736842,0.0144736842105,0.0789473684211,0.00131578947368,0.0,0.0,0.00262812089356,0.00262812089356,0.00525624178712,0.0676100628931,0.0,0.147174770039,0.0,0.0,0.0,0.0,0.00131406044678,0.0,0.095926412615,0.164257555848,0.00263504611331,0.101449275362,0.041059602649,0.0158311345646,0.0564853556485,0.105831533477,0.0311804008909,0.0233576642336,0.0203193033382,0.011315417256,0.00821917808219,0.0101744186047,0.0298913043478,0.0105900151286,0.0481927710843,0.0164917541229,0.0104321907601,0.00872093023256,0.00675675675676,0.0,0.0291777188329,0.00551470588235,0.0209059233449,0.00657894736842,0.0347593582888,0.0485564304462,0.0367454068241,0.0,0.00262467191601,0.202099737533,0.00131233595801,0.0,0.0196850393701,0.0144356955381,0.00393700787402,0.0643044619423,0.0695538057743,0.0196850393701,0.0,0.0196850393701,0.0144356955381,0.0,0.0131233595801,0.00131061598952,0.0,0.0,0.0707732634338,0.0,0.0,0.00131061598952,0.0,0.00393184796855,0.0,0.0,0.0,0.0,0.166448230668,0.132372214941,0.0262123197903,0.0262123197903,0.0,0.0107719928187,0.410071942446,0.00178890876565,0.00407608695652,0.00393184796855,0.0,0.0,0.0209698558322,0.00655307994758,0.0144167758847,0.0,0.0,0.0733944954128,0.0576671035387,0.0,0.0170380078637,0.0353866317169,0.0393184796855,0.0278145695364,0.0170542635659,0.0157342657343,0.215434083601,0.0190476190476,0.0458937198068,0.0444444444444,0.0194986072423,0.00718390804598,0.0108695652174,0.00557103064067,0.00728862973761,0.0251396648045,0.0126050420168,0.0,0.0279329608939,0.00709219858156,0.0119047619048,0.0178571428571,0.013986013986,0.277533039648,0.10350877193,0.0161725067385,0.34255599473,0.0,0.0458115183246,0.0,0.00280898876404,0.0142857142857,0.0886597938144,0.0979020979021,0.0472972972973,0.0193905817175,0.0981432360743,0.00131233595801,0.0104575163399,0.0,0.0,0.010582010582,0.0026455026455,0.0,0.0261780104712,0.0,0.0,0.120418848168,0.0,0.0,0.0,0.00131061598952,0.0,0.0,0.00393184796855,0.00130890052356,0.0065445026178,0.00130890052356,0.0,0.0,0.00131061598952,0.0,0.195281782438,0.0,0.00524934383202,0.161616161616,0.0140252454418,0.0065963060686,0.0605263157895,0.0,0.0,0.0,0.0,0.00262467191601,0.0,0.00131233595801,0.0,0.0157480314961,0.00524934383202,0.00656167979003,0.00131406044678,0.586842105263,0.0,0.0474308300395,0.0803689064559,0.0385126162019,0.0020325203252,0.00402414486922,0.00436681222707,0.0,0.00416088765603,0.102127659574,0.0864745011086,0.0369649805447,0.143989431968,0.0253671562083,0.056,0.0026455026455,0.0026455026455,0.0211360634082,0.0857519788918,0.00923482849604,0.0237154150198,0.0435356200528,0.00661375661376,0.00131752305665,0.0159574468085,0.0276679841897,0.0,0.0,0.0281501340483,0.0199468085106,0.030303030303,0.229249011858,0.0,0.0223684210526,0.0,0.0,0.0,0.0856389986825,0.00131752305665,0.0,0.00263852242744,0.0501319261214,0.0158311345646,0.00263852242744,0.0501981505945,0.0263852242744,0.00528401585205,0.0158311345646,0.0265604249668,0.0200534759358,0.00675675675676,0.042735042735,0.0691562932227,0.00141843971631,0.00301204819277,0.0257234726688
E,0.0113636363636,0.01393728223,0.0504731861199,0.0327380952381,0.0258823529412,0.00998336106489,0.0624,0.0553797468354,0.0302114803625,0.0317220543807,0.0,0.0,0.0,0.0,0.0802139037433,0.0,0.0,0.0348525469169,0.0133333333333,0.194630872483,0.00133689839572,0.0642570281124,0.162853297443,0.0142247510669,0.00286944045911,0.00145137880987,0.00740740740741,0.0277372262774,0.032967032967,0.0204081632653,0.0182481751825,0.0,0.0,0.0731707317073,0.0973236009732,0.0215827338129,0.0547619047619,0.0166666666667,0.131991051454,0.0570652173913,0.12893982808,0.123943661972,0.348888888889,0.0281124497992,0.0198150594452,0.404227212682,0.00924702774108,0.00132100396301,0.00131578947368,0.0,0.0,0.00131578947368,0.0,0.0,0.390275952694,0.0,0.030223390276,0.221698113208,0.0248962655602,0.0,0.0,0.0,0.0,0.169513797635,0.0,0.0,0.00919842312746,0.00131406044678,0.140974967062,0.275362318841,0.00794701986755,0.0540897097625,0.081589958159,0.07343412527,0.11135857461,0.121167883212,0.0275761973875,0.021216407355,0.0150684931507,0.190406976744,0.0978260869565,0.00907715582451,0.0120481927711,0.197901049475,0.0104321907601,0.00145348837209,0.0554054054054,0.00719424460432,0.07824933687,0.0238970588235,0.163763066202,0.381578947368,0.437165775401,0.106299212598,0.102362204724,0.0,0.11811023622,0.0721784776903,0.010498687664,0.0,0.258530183727,0.0564304461942,0.00131233595801,0.0196850393701,0.0,0.0866141732283,0.0,0.297900262467,0.0682414698163,0.0,0.00918635170604,0.0,0.0,0.0,0.0,0.0,0.0,0.0,0.0,0.00393184796855,0.0,0.0,0.0,0.0,0.00131061598952,0.0,0.306684141547,0.0589777195282,0.0,0.0215439856373,0.023381294964,0.0,0.171195652174,0.0,0.00131061598952,0.0,0.0,0.385321100917,0.157273918742,0.937090432503,0.00262123197903,0.233289646134,0.0144167758847,0.0,0.0,0.0249017038008,0.0353866317169,0.0927152317881,0.0294573643411,0.0472027972028,0.0128617363344,0.12380952381,0.0772946859903,0.122222222222,0.0222841225627,0.0,0.00271739130435,0.00557103064067,0.0466472303207,0.0698324022346,0.0910364145658,0.0,0.0824022346369,0.0354609929078,0.0297619047619,0.0119047619048,0.048951048951,0.0176211453744,0.0578947368421,0.00673854447439,0.038208168643,0.00131233595801,0.125654450262,0.058282208589,0.00421348314607,0.0142857142857,0.220618556701,0.0629370629371,0.439189189189,0.0554016620499,0.079575596817,0.0538057742782,0.311111111111,0.0,0.00130890052356,0.121693121693,0.00529100529101,0.0,0.149214659686,0.0,0.00392670157068,0.065445026178,0.00130890052356,0.0,0.00261780104712,0.0,0.0,0.0,0.0170380078637,0.00130890052356,0.0183246073298,0.0,0.0,0.0,0.0353866317169,0.0,0.207077326343,0.0,0.188976377953,0.18759018759,0.0561009817672,0.0171503957784,0.0223684210526,0.0,0.0,0.0,0.0,0.0,0.0,0.0485564304462,0.0,0.00131233595801,0.00262467191601,0.0551181102362,0.554533508541,0.0197368421053,0.00131578947368,0.325428194993,0.154150197628,0.208499335989,0.0121951219512,0.00603621730382,0.00727802037846,0.00279329608939,0.0,0.0106382978723,0.00221729490022,0.011673151751,0.00396301188904,0.0761014686248,0.156,0.0899470899471,0.0,0.0184940554822,0.133245382586,0.00131926121372,0.0,0.220316622691,0.0436507936508,0.0,0.0412234042553,0.105401844532,0.00923482849604,0.183135704875,0.171581769437,0.155585106383,0.118577075099,0.0263504611331,0.00710227272727,0.130263157895,0.0,0.0,0.0,0.0,0.0,0.0290237467018,0.0461741424802,0.325857519789,0.0263852242744,0.0145118733509,0.145310435931,0.11345646438,0.0,0.0435356200528,0.0451527224436,0.0534759358289,0.0121621621622,0.623931623932,0.200553250346,0.0255319148936,0.0105421686747,0.353697749196
D,0.00757575757576,0.0104529616725,0.00946372239748,0.0238095238095,0.0164705882353,0.00665557404326,0.0672,0.17246835443,0.00755287009063,0.0,0.0,0.0286103542234,0.0,0.0,0.374331550802,0.0,0.00134228187919,0.0241286863271,0.00133333333333,0.0402684563758,0.00133689839572,0.614457831325,0.0565275908479,0.00853485064011,0.0430416068867,0.0,0.0123456790123,0.0029197080292,0.0384615384615,0.0185528756957,0.0036496350365,0.00534759358289,0.0103896103896,0.119512195122,0.111922141119,0.124700239808,0.0666666666667,0.0238095238095,0.21029082774,0.0353260869565,0.0515759312321,0.0154929577465,0.111111111111,0.0629183400268,0.0145310435931,0.17965653897,0.0,0.00528401585205,0.0342105263158,0.0,0.00263157894737,0.0,0.0,0.0,0.279894875164,0.0,0.053876478318,0.180817610063,0.0124481327801,0.00788436268068,0.0,0.0,0.0,0.830486202365,0.0,0.0,0.00131406044678,0.11038107753,0.0830039525692,0.219001610306,0.13642384106,0.0171503957784,0.125523012552,0.438444924406,0.0579064587973,0.0189781021898,0.00290275761974,0.001414427157,0.0452054794521,0.0988372093023,0.0353260869565,0.00756429652042,0.0316265060241,0.302848575712,0.00596125186289,0.00726744186047,0.0202702702703,0.00287769784173,0.0649867374005,0.00919117647059,0.128919860627,0.0707236842105,0.167112299465,0.132545931759,0.0380577427822,0.0,0.171916010499,0.101049868766,0.0761154855643,0.0,0.0498687664042,0.0485564304462,0.00131233595801,0.0314960629921,0.0,0.182414698163,0.00131233595801,0.190288713911,0.843832020997,0.0,0.367454068241,0.00524246395806,0.0,0.0,0.0,0.00131061598952,0.0,0.0,0.0144167758847,0.00655307994758,1.0,0.0,0.0,0.0,0.00262123197903,0.0,0.0956749672346,0.040629095675,0.0,0.0215439856373,0.10071942446,0.0,0.0203804347826,0.0,0.0,0.0,0.0157273918742,0.086500655308,0.184796854522,0.0353866317169,0.00131061598952,0.111402359109,0.0117955439056,0.00131061598952,0.00393184796855,0.0222804718218,0.0209698558322,0.202649006623,0.0201550387597,0.0104895104895,0.16077170418,0.0571428571429,0.0458937198068,0.0833333333333,0.0403899721448,0.0,0.0163043478261,0.00278551532033,0.0437317784257,0.127094972067,0.626050420168,0.0251396648045,0.483240223464,0.0283687943262,0.0357142857143,0.0595238095238,0.041958041958,0.0264317180617,0.256140350877,0.0161725067385,0.0816864295125,0.00131233595801,0.0353403141361,0.00153374233129,0.00140449438202,0.0142857142857,0.189690721649,0.118881118881,0.256756756757,0.573407202216,0.0185676392573,0.00393700787402,0.465359477124,0.0,0.00261780104712,0.0701058201058,0.0714285714286,0.0,0.011780104712,0.0,0.0,0.0157068062827,0.0,0.0,0.00785340314136,0.0,0.0,0.0,0.0471821756225,0.0,0.0,0.0,0.0,0.0,0.00131061598952,0.0,0.155963302752,0.00131233595801,0.103674540682,0.154401154401,0.122019635344,0.0105540897098,0.0197368421053,0.0,0.0,0.0,0.0,0.0,0.996062992126,0.0,0.0,0.0826771653543,0.00262467191601,0.0209973753281,0.172141918528,0.0,0.0,0.198945981555,0.202898550725,0.066401062417,0.0,0.00201207243461,0.00145560407569,0.0125698324022,0.00416088765603,0.0,0.00443458980044,0.0856031128405,0.557463672391,0.0267022696929,0.108,0.156084656085,0.0,0.00528401585205,0.0857519788918,0.00131926121372,0.00131752305665,0.0514511873351,0.00529100529101,0.0,0.00664893617021,0.0816864295125,0.0,0.0,0.0777479892761,0.0292553191489,0.0118577075099,0.208168642951,0.00568181818182,0.0578947368421,0.0,0.0,0.0,0.0,0.0,0.901055408971,0.0435356200528,0.249340369393,0.10290237467,0.00131926121372,0.0686922060766,0.0303430079156,0.0,0.0105540897098,0.0385126162019,0.00534759358289,0.00405405405405,0.188034188034,0.0912863070539,0.0198581560284,0.00753012048193,0.186495176849
S,0.0265151515152,0.170731707317,0.0883280757098,0.0684523809524,0.0541176470588,0.0532445923461,0.0992,0.0268987341772,0.0287009063444,0.0226586102719,0.0,0.0340599455041,0.00134048257373,0.0,0.0548128342246,0.0828877005348,0.0,0.0790884718499,0.00133333333333,0.0496644295302,0.0320855614973,0.00803212851406,0.0228802153432,0.194879089616,0.0243902439024,0.0812772133527,0.00493827160494,0.0306569343066,0.0494505494505,0.0853432282004,0.195255474453,0.262032085561,0.0285714285714,0.341463414634,0.029197080292,0.0743405275779,0.0761904761905,0.00714285714286,0.0313199105145,0.0516304347826,0.0458452722063,0.0394366197183,0.0155555555556,0.0508701472557,0.00660501981506,0.0237780713342,0.0158520475561,0.0118890356671,0.00921052631579,0.0736842105263,0.168421052632,0.00131578947368,0.00131578947368,0.0,0.011826544021,0.0065703022339,0.0275952693824,0.0220125786164,0.0,0.00394218134034,0.0,0.0,0.0,0.0,0.0381077529566,0.0367936925099,0.131406044678,0.0670170827858,0.0237154150198,0.0708534621578,0.0635761589404,0.0171503957784,0.0543933054393,0.0194384449244,0.0200445434298,0.0262773722628,0.0232220609579,0.00707213578501,0.0205479452055,0.0494186046512,0.0489130434783,0.0332829046899,0.0512048192771,0.0359820089955,0.0208643815201,0.031976744186,0.0256756756757,0.00287769784173,0.0305039787798,0.0238970588235,0.1393728223,0.00986842105263,0.0641711229947,0.00787401574803,0.0524934383202,0.00393700787402,0.0144356955381,0.0984251968504,0.0367454068241,0.0,0.0209973753281,0.0682414698163,0.00787401574803,0.00262467191601,0.0,0.128608923885,0.00787401574803,0.128608923885,0.0380577427822,0.0,0.0301837270341,0.00262123197903,0.0,0.00524246395806,0.0288335517693,0.693315858453,0.0,0.0117955439056,0.0,0.0393184796855,0.0,0.0,0.0615989515072,0.00262123197903,0.0131061598952,0.0,0.0301441677588,0.0170380078637,0.0,0.0233393177738,0.0215827338129,0.0983899821109,0.00407608695652,0.0,0.00655307994758,0.0,0.0366972477064,0.0144167758847,0.045871559633,0.00131061598952,0.0,0.0288335517693,0.0484927916121,0.00917431192661,0.0104849279161,0.0904325032765,0.226736566186,0.0304635761589,0.0279069767442,0.0297202797203,0.016077170418,0.00952380952381,0.0700483091787,0.0833333333333,0.0459610027855,0.0258620689655,0.00135869565217,0.0362116991643,0.0218658892128,0.0921787709497,0.0280112044818,0.0,0.0572625698324,0.0567375886525,0.0238095238095,0.047619047619,0.00699300699301,0.0396475770925,0.0561403508772,0.010781671159,0.0210803689065,0.00131233595801,0.0104712041885,0.00920245398773,0.00140449438202,0.00714285714286,0.0577319587629,0.0699300699301,0.0135135135135,0.0775623268698,0.0450928381963,0.00656167979003,0.0156862745098,0.0,0.0,0.0171957671958,0.141534391534,0.0,0.0471204188482,0.00392670157068,0.0,0.0850785340314,0.0994764397906,0.0,0.0942408376963,0.00917431192661,0.0,0.132372214941,0.00131061598952,0.0,0.0484293193717,0.0274869109948,0.414921465969,0.00392670157068,0.00262123197903,0.0,0.0235910878113,0.00524934383202,0.0223097112861,0.038961038961,0.260869565217,0.0158311345646,0.0631578947368,0.00393700787402,0.0,0.0,0.0656167979003,0.347769028871,0.0,0.0380577427822,0.0301837270341,0.0328083989501,0.0485564304462,0.0590551181102,0.0381077529566,0.167105263158,0.0,0.0144927536232,0.0250329380764,0.0424966799469,0.0284552845528,0.00804828973843,0.0101892285298,0.0349162011173,0.0527045769764,0.0063829787234,0.0155210643016,0.0252918287938,0.215323645971,0.146862483311,0.0426666666667,0.0462962962963,0.0542328042328,0.0396301188904,0.05672823219,0.811345646438,0.00527009222661,0.0118733509235,0.00529100529101,0.0,0.0106382978723,0.0434782608696,0.0,0.0355731225296,0.0402144772118,0.0438829787234,0.0395256916996,0.0250329380764,0.0909090909091,0.00789473684211,0.0,0.0,0.0105401844532,0.0750988142292,0.0,0.0171503957784,0.0461741424802,0.0197889182058,0.0211081794195,0.00791556728232,0.0554821664465,0.143799472296,0.0,0.00923482849604,0.0358565737052,0.163101604278,0.0175675675676,0.00854700854701,0.0359612724758,0.0510638297872,0.0150602409639,0.0627009646302
T,0.030303030303,0.0557491289199,0.0410094637224,0.0684523809524,0.0447058823529,0.104825291181,0.1216,0.0221518987342,0.228096676737,0.0181268882175,0.00150602409639,0.0599455040872,0.014745308311,0.00534759358289,0.0267379679144,0.181818181818,0.00134228187919,0.268096514745,0.00533333333333,0.110067114094,0.0628342245989,0.00401606425703,0.0242261103634,0.0981507823613,0.012912482066,0.00435413642961,0.153086419753,0.00875912408759,0.0952380952381,0.137291280148,0.043795620438,0.229946524064,0.119480519481,0.236585365854,0.0243309002433,0.031175059952,0.0333333333333,0.0404761904762,0.0536912751678,0.0353260869565,0.0315186246418,0.101408450704,0.0444444444444,0.0696117804552,0.0264200792602,0.0752972258917,0.0198150594452,0.0118890356671,0.0802631578947,0.0236842105263,0.0960526315789,0.0184210526316,0.0,0.0,0.0801576872536,0.172141918528,0.0354796320631,0.061320754717,0.0207468879668,0.127463863338,0.0275952693824,0.0,0.0,0.0,0.722733245729,0.00525624178712,0.0131406044678,0.00788436268068,0.0118577075099,0.0161030595813,0.0251655629139,0.0131926121372,0.117154811715,0.0237580993521,0.0155902004454,0.0583941605839,0.0246734397678,0.00565770862801,0.0123287671233,0.104651162791,0.0135869565217,0.102874432678,0.0993975903614,0.0119940029985,0.0253353204173,0.0174418604651,0.0648648648649,0.0158273381295,0.135278514589,0.0128676470588,0.0278745644599,0.00822368421053,0.0200534759358,0.00524934383202,0.125984251969,0.0,0.010498687664,0.0406824146982,0.00787401574803,0.0,0.0157480314961,0.0314960629921,0.149606299213,0.0,0.0157480314961,0.0971128608924,0.0380577427822,0.0209973753281,0.00393700787402,0.0,0.0498687664042,0.0209698558322,0.0,0.00131061598952,0.0104849279161,0.100917431193,0.0,0.0366972477064,0.0,0.0196592398427,0.0,0.0,0.144167758847,0.0,0.00131061598952,0.0131061598952,0.00655307994758,0.00655307994758,0.0,0.159784560144,0.0179856115108,0.0983899821109,0.307065217391,0.0131061598952,0.0,0.0157273918742,0.0104849279161,0.0144167758847,0.0353866317169,0.0,0.00131061598952,0.0117955439056,0.00786369593709,0.0524246395806,0.0262123197903,0.104849279161,0.0419397116645,0.0370860927152,0.0108527131783,0.370629370629,0.0675241157556,0.0380952380952,0.0797101449275,0.0375,0.0194986072423,0.00862068965517,0.00407608695652,0.00278551532033,0.0204081632653,0.0237430167598,0.0196078431373,0.00558659217877,0.0293296089385,0.0,0.0178571428571,0.0297619047619,0.0699300699301,0.0220264317181,0.0315789473684,0.00808625336927,0.038208168643,0.0144356955381,0.0523560209424,0.300613496933,0.0491573033708,0.00714285714286,0.0288659793814,0.0699300699301,0.135135135135,0.016620498615,0.100795755968,0.0708661417323,0.0535947712418,0.0,0.020942408377,0.0238095238095,0.0820105820106,0.0,0.246073298429,0.032722513089,0.00130890052356,0.0183246073298,0.376963350785,0.0,0.00392670157068,0.0,0.0,0.714285714286,0.00655307994758,0.0,0.0759162303665,0.0523560209424,0.00523560209424,0.0353403141361,0.00786369593709,0.00131061598952,0.0812581913499,0.0944881889764,0.00262467191601,0.015873015873,0.234221598878,0.00791556728232,0.415789473684,0.00787401574803,0.0131233595801,0.00262467191601,0.393700787402,0.0748031496063,0.0,0.0380577427822,0.00262467191601,0.00393700787402,0.291338582677,0.0538057742782,0.0105124835742,0.0131578947368,0.00263157894737,0.0487483530962,0.0355731225296,0.0265604249668,0.0589430894309,0.0241448692153,0.0131004366812,0.00418994413408,0.00832177531207,0.0276595744681,0.0443458980044,0.00389105058366,0.0132100396301,0.086782376502,0.0533333333333,0.0224867724868,0.0925925925926,0.0224570673712,0.0197889182058,0.0923482849604,0.0711462450593,0.0118733509235,0.0410052910053,0.00395256916996,0.0106382978723,0.0500658761528,0.0145118733509,0.0197628458498,0.0187667560322,0.0505319148936,0.33860342556,0.00395256916996,0.03125,0.180263157895,0.00921052631579,0.00131578947368,0.0803689064559,0.0197628458498,0.0,0.0,0.0224274406332,0.0343007915567,0.089709762533,0.00395778364116,0.0211360634082,0.15963060686,0.00924702774108,0.0158311345646,0.0637450199203,0.00668449197861,0.106756756757,0.00854700854701,0.0221300138313,0.0184397163121,0.0105421686747,0.0852090032154
-,0.655352480418,0.625326370757,0.586161879896,0.56135770235,0.445169712794,0.215404699739,0.18407310705,0.174934725849,0.135770234987,0.135770234987,0.13315926893,0.0417754569191,0.0261096605744,0.023498694517,0.023498694517,0.023498694517,0.0274151436031,0.0261096605744,0.0208877284595,0.0274151436031,0.023498694517,0.0248041775457,0.0300261096606,0.0822454308094,0.0900783289817,0.100522193211,0.471279373368,0.105744125326,0.287206266319,0.29634464752,0.284595300261,0.511749347258,0.497389033943,0.464751958225,0.463446475196,0.455613577023,0.451697127937,0.451697127937,0.416449086162,0.519582245431,0.544386422977,0.0731070496084,0.412532637076,0.0248041775457,0.0117493472585,0.0117493472585,0.0117493472585,0.0117493472585,0.00783289817232,0.00783289817232,0.00783289817232,0.00783289817232,0.00783289817232,0.0065274151436,0.0065274151436,0.0065274151436,0.0065274151436,0.169712793734,0.685378590078,0.0065274151436,0.0065274151436,0.0065274151436,0.0065274151436,0.0065274151436,0.0065274151436,0.0065274151436,0.0065274151436,0.0065274151436,0.00913838120104,0.189295039164,0.0143603133159,0.0104438642298,0.375979112272,0.395561357702,0.413838120104,0.105744125326,0.100522193211,0.0770234986945,0.0469973890339,0.10182767624,0.519582245431,0.137075718016,0.13315926893,0.129242819843,0.124020887728,0.10182767624,0.0339425587467,0.0926892950392,0.0156657963446,0.289817232376,0.625326370757,0.206266318538,0.023498694517,0.00522193211488,0.00522193211488,0.00522193211488,0.00522193211488,0.00522193211488,0.00522193211488,0.00522193211488,0.00522193211488,0.00522193211488,0.00522193211488,0.00522193211488,0.00522193211488,0.00522193211488,0.00522193211488,0.00522193211488,0.00522193211488,0.00522193211488,0.00522193211488,0.00391644908616,0.00391644908616,0.00391644908616,0.00391644908616,0.00391644908616,0.00391644908616,0.00391644908616,0.00391644908616,0.00391644908616,0.00391644908616,0.00391644908616,0.00391644908616,0.00391644908616,0.00391644908616,0.00391644908616,0.00391644908616,0.00391644908616,0.00391644908616,0.272845953003,0.274151436031,0.270234986945,0.0391644908616,0.00391644908616,0.00391644908616,0.00391644908616,0.00391644908616,0.00391644908616,0.00391644908616,0.00391644908616,0.00391644908616,0.00391644908616,0.00391644908616,0.00391644908616,0.00391644908616,0.00391644908616,0.00391644908616,0.0143603133159,0.157963446475,0.253263707572,0.593994778068,0.862924281984,0.45953002611,0.0600522193211,0.0626631853786,0.0913838120104,0.0391644908616,0.0626631853786,0.104438642298,0.065274151436,0.0678851174935,0.065274151436,0.065274151436,0.81592689295,0.780678851175,0.780678851175,0.813315926893,0.70365535248,0.255874673629,0.0313315926893,0.00913838120104,0.00522193211488,0.00261096605744,0.148825065274,0.0704960835509,0.817232375979,0.36684073107,0.813315926893,0.806788511749,0.528720626632,0.507832898172,0.00522193211488,0.00130548302872,0.00261096605744,0.00261096605744,0.0130548302872,0.0130548302872,0.00261096605744,0.00261096605744,0.00261096605744,0.00261096605744,0.00261096605744,0.00261096605744,0.903394255875,0.00261096605744,0.00391644908616,0.00391644908616,0.00391644908616,0.00391644908616,0.00261096605744,0.00261096605744,0.00261096605744,0.00261096605744,0.00261096605744,0.00391644908616,0.00391644908616,0.00391644908616,0.00522193211488,0.00522193211488,0.0953002610966,0.0691906005222,0.0104438642298,0.00783289817232,0.00522193211488,0.00522193211488,0.00522193211488,0.00522193211488,0.00522193211488,0.00522193211488,0.00522193211488,0.00522193211488,0.00522193211488,0.00522193211488,0.00522193211488,0.0065274151436,0.00783289817232,0.00783289817232,0.00913838120104,0.00913838120104,0.0169712793734,0.357702349869,0.351174934726,0.103133159269,0.065274151436,0.0587467362924,0.386422976501,0.411227154047,0.328981723238,0.0117493472585,0.0221932114883,0.0208877284595,0.0130548302872,0.0130548302872,0.0117493472585,0.0104438642298,0.0104438642298,0.00913838120104,0.0104438642298,0.0130548302872,0.00913838120104,0.0182767624021,0.00913838120104,0.0104438642298,0.00913838120104,0.0261096605744,0.0182767624021,0.00913838120104,0.00913838120104,0.0809399477807,0.00783289817232,0.00783289817232,0.00783289817232,0.00913838120104,0.00913838120104,0.00913838120104,0.0104438642298,0.0104438642298,0.0104438642298,0.0104438642298,0.0104438642298,0.0117493472585,0.0104438642298,0.0117493472585,0.0104438642298,0.0169712793734,0.023498694517,0.0339425587467,0.84725848564,0.056135770235,0.079634464752,0.13315926893,0.187989556136
other,0.0,0.0,0.0,0.0,0.0,0.0,0.0,0.0,0.0,0.0,0.0,0.0,0.0,0.0,0.0,0.0,0.0,0.0,0.0,0.0,0.0,0.0,0.0,0.0,0.0,0.0,0.0,0.0,0.0,0.0,0.0,0.0,0.0,0.0,0.0,0.0,0.0,0.0,0.0,0.0,0.0,0.0,0.0,0.0,0.0,0.0,0.0,0.0,0.0,0.0,0.0,0.0,0.0,0.0,0.0,0.0,0.0,0.0,0.0,0.0,0.0,0.0,0.0,0.0,0.0,0.0,0.0,0.0,0.0,0.0,0.0,0.0,0.0,0.0,0.0,0.0,0.0,0.0,0.0,0.0,0.0,0.0,0.0,0.0,0.0,0.0,0.0,0.0,0.0,0.0,0.0,0.0,0.0,0.0,0.0,0.0,0.0,0.0,0.0,0.0,0.0,0.0,0.0,0.0,0.0,0.0,0.0,0.0,0.0,0.0,0.0,0.0,0.0,0.0,0.0,0.0,0.0,0.0,0.0,0.0,0.0,0.0,0.0,0.0,0.0,0.0,0.0,0.0,0.0,0.0,0.0,0.0,0.0,0.0,0.0,0.0,0.0,0.0,0.0,0.0,0.0,0.0,0.0,0.0,0.0,0.0,0.0,0.0,0.0,0.0,0.0,0.0,0.0,0.0,0.0,0.0,0.0,0.0,0.0,0.0,0.0,0.0,0.0,0.0,0.0,0.0,0.0,0.0,0.0,0.0,0.0,0.0,0.0,0.0,0.0,0.0,0.0,0.0,0.0,0.0,0.0,0.0,0.0,0.0,0.0,0.0,0.0,0.0,0.0,0.0,0.0,0.0,0.0,0.0,0.0,0.0,0.0,0.0,0.0,0.0,0.0,0.0,0.0,0.0,0.0,0.0,0.0,0.0,0.0,0.0,0.0,0.0,0.0,0.0,0.0,0.0,0.0,0.0,0.0,0.0,0.0,0.0,0.0,0.0,0.0,0.0,0.0,0.0,0.0,0.0,0.0,0.0,0.0,0.0,0.0,0.0,0.0,0.0,0.0,0.0,0.0,0.0,0.0,0.0,0.0,0.0,0.0,0.0,0.0,0.0,0.0,0.0,0.0,0.0,0.0,0.0,0.0,0.0,0.0,0.0,0.0,0.0,0.0,0.0,0.0,0.0,0.0,0.0,0.0,0.0,0.0,0.0,0.0,0.0,0.0,0.0,0.0,0.0,0.0,0.0,0.0,0.0
