G,6,10,4,8,10,15,32,158,0,6,1,0,6,0,1,74,688,22,17,21,15,10,13,140,13,1,1,9,148,57,213,14,77,0,2,4,3,8,17,8,3,7,30,1,31,7,26,4,1,13,29,20,0,0,2,12,18,35,594,1,0,1,0,0,74,683,11,78,4,25,53,29,96,17,5,197,20,1,328,69,96,7,8,38,20,65,16,6,14,32,7,8,32,17,68,0,5,28,11,0,25,10,1,619,0,52,0,44,0,0,7,5,0,5,0,155,0,3,0,11,0,0,6,733,395,3,119,0,0,4,201,13,38,7,0,0,32,7,27,0,0,5,81,15,14,48,39,24,73,12,124,7,8,32,388,134,4,7,1,36,3,3,0,19,2,8,4,13,170,8,16,4,9,3,8,11,54,258,82,4,44,5,1,2,2,238,443,0,1,2,0,0,2,72,15,750,0,0,0,757,1,0,249,1,0,0,4,2,11,31,94,577,45,0,0,0,3,251,3,4,17,0,0,23,8,12,0,133,21,132,1,15,26,9,494,47,20,9,13,15,17,93,14,3,10,6,13,13,1,0,1,39,0,4,11,9,14,214,69,0,0,3,0,546,0,1,26,25,6,4,12,47,2,32,35,92,22,32,97,22,8,14
P,60,14,7,7,8,144,79,12,61,0,0,0,65,0,47,1,17,6,4,5,15,23,7,1,1,5,1,9,27,42,5,54,5,9,3,6,2,206,2,182,89,9,20,49,4,25,0,559,0,159,1,0,0,0,0,1,539,0,1,25,0,0,0,0,0,0,15,104,250,3,0,4,74,31,12,4,12,0,111,165,115,4,16,50,24,93,192,226,3,28,8,2,25,0,32,14,166,20,0,0,2,1,0,0,0,2,442,1,0,0,0,0,0,0,2,0,0,1,0,48,0,0,0,0,0,0,7,4,0,234,0,4,22,0,0,0,6,4,5,0,0,8,0,12,0,3,198,14,65,15,9,13,4,13,17,14,2,5,70,23,4,2,0,0,2,28,5,113,45,8,66,0,3,66,3,1,18,2,1,6,4,0,10,3,0,166,0,0,0,0,0,77,0,0,612,0,0,0,460,0,0,0,0,0,0,0,0,4,345,0,0,9,168,0,0,0,25,0,0,0,0,23,0,15,9,0,0,2,145,135,7,1,309,385,46,20,3,3,0,59,49,1,0,1,1,0,0,1,0,0,0,1,0,0,0,1,21,2,0,7,0,0,130,5,1,0,223,5,2,1,45,5,0,81,10,13,408,15,0,18,3,3
A,24,76,30,27,54,32,56,53,62,9,18,7,62,1,12,45,36,27,4,9,128,4,48,60,22,12,8,79,28,21,7,38,99,4,73,25,9,5,6,50,15,41,45,9,24,16,59,32,16,14,198,98,4,0,3,5,42,15,52,1,14,0,0,0,38,44,17,151,30,46,176,152,61,21,16,79,18,11,36,121,46,49,78,131,45,63,56,13,19,121,4,0,23,6,35,4,52,198,162,0,206,196,107,3,14,69,21,65,4,0,5,151,3,38,71,1,0,5,0,23,0,0,476,26,75,74,36,34,0,63,7,397,4,1,0,38,4,67,112,6,11,81,148,623,14,91,88,129,252,25,81,29,6,114,44,295,4,21,47,135,14,1,31,66,17,25,18,24,28,23,17,2,6,34,15,3,4,46,4,3,5,11,6,6,157,15,17,2,1,65,1,22,48,0,13,3,0,105,74,3,0,10,54,73,6,15,6,11,52,7,34,18,40,10,3,2,285,66,0,407,206,7,7,120,66,21,9,19,34,22,52,99,100,68,52,60,115,51,0,85,42,181,132,57,96,47,10,57,13,6,28,103,6,297,57,60,27,7,541,16,0,0,12,25,0,6,106,99,64,64,91,85,3,17,45,249,22,84,3,51,12,32
V,30,19,6,56,12,8,65,85,38,0,119,1,207,25,0,44,0,35,53,35,54,2,48,10,42,99,76,2,15,24,4,20,2,4,36,2,2,0,1,12,49,14,43,8,160,7,72,75,348,11,27,194,102,78,8,0,2,5,0,17,211,51,39,0,50,0,46,7,51,5,73,105,8,11,2,27,55,9,0,1,20,75,7,102,58,11,32,110,125,36,0,0,10,8,10,85,125,7,10,34,1,6,70,0,152,3,35,0,0,268,1,66,579,323,33,0,0,1,0,17,0,0,31,0,0,55,4,10,22,17,0,3,11,145,115,525,0,0,9,0,20,2,14,33,5,12,11,120,7,11,7,4,1,24,18,113,17,76,13,19,7,14,4,0,12,14,14,3,13,29,3,45,36,79,141,37,6,3,0,3,5,36,10,140,79,0,27,300,90,87,107,1,11,0,6,0,0,9,15,0,28,34,56,79,63,438,2,5,4,3,3,0,6,228,110,22,29,29,0,31,168,1,146,16,7,1,13,10,3,1,35,135,55,0,6,26,101,32,1,38,102,6,18,137,5,2,196,3,1,99,6,5,38,47,5,13,11,4,22,15,389,200,20,0,0,2,11,22,57,31,3,4,36,11,25,6,36,13,0,17,12,17
L,17,19,6,11,17,4,1,1,48,3,358,1,146,497,54,121,0,9,328,10,73,0,68,2,65,162,84,33,6,25,5,40,1,29,45,7,0,6,9,3,1,10,6,38,35,8,202,11,38,84,1,46,604,85,4,2,1,1,2,184,60,651,9,0,7,0,84,3,15,7,32,91,6,12,1,2,6,19,9,3,8,224,15,41,44,24,30,28,21,19,0,0,2,3,15,455,37,1,5,571,4,44,297,0,191,2,70,3,0,17,9,52,64,51,198,0,0,610,0,370,0,0,2,0,1,396,1,144,38,40,0,2,5,59,94,9,1,3,23,1,350,8,11,1,109,10,15,24,6,30,10,1,6,62,30,31,6,216,13,6,2,61,7,8,7,29,54,12,9,440,4,28,40,100,192,2,3,1,0,0,0,73,13,420,67,1,6,142,6,336,216,25,169,0,2,0,0,0,12,0,214,159,3,322,219,101,2,587,4,2,11,1,2,67,262,455,4,2,0,43,32,0,152,39,5,2,141,7,43,18,8,34,120,47,1,76,159,13,0,33,50,53,11,144,4,0,156,5,19,347,6,21,422,24,9,53,15,1,2,34,176,52,49,3,1,0,51,2,19,48,31,6,316,11,58,14,14,3,0,11,53,10
I,15,13,4,40,34,2,5,21,85,0,75,2,97,70,1,3,0,22,82,11,38,1,5,6,70,121,69,15,1,6,5,32,0,0,32,0,0,0,0,4,2,7,12,28,151,4,155,30,155,62,5,37,19,579,0,3,1,5,1,10,409,35,106,0,1,0,37,1,12,5,15,77,37,3,3,7,10,3,9,0,3,68,1,59,16,13,13,66,45,1,0,0,14,7,2,113,39,1,14,143,2,5,105,0,82,0,138,0,0,460,0,35,100,268,123,0,0,3,0,20,0,0,24,0,0,95,1,9,4,16,0,2,4,352,202,54,0,0,8,0,39,2,0,15,11,0,19,12,7,13,2,2,1,7,27,4,5,168,2,7,1,90,2,0,4,83,26,0,1,44,0,28,21,67,166,22,4,0,0,1,2,22,0,101,4,0,1,286,31,143,186,2,5,0,0,0,0,1,12,0,5,66,57,26,21,200,0,2,2,1,0,1,3,150,315,35,25,66,0,5,91,7,33,31,2,9,43,4,1,2,24,146,37,1,9,92,55,7,0,8,47,6,7,54,2,0,158,1,2,254,1,4,179,6,2,17,5,1,13,19,142,197,63,0,0,0,23,4,13,29,3,1,52,42,8,4,3,3,0,4,13,5
M,52,22,23,25,102,198,29,10,137,1,120,2,75,53,0,2,0,9,141,13,118,2,15,2,10,94,9,2,55,11,11,24,4,2,9,0,0,1,0,1,0,0,4,71,23,4,31,15,72,13,8,6,1,11,2,0,0,1,0,0,13,21,0,0,0,1,39,0,3,3,11,95,6,15,3,0,3,2,0,1,7,40,0,5,36,46,4,8,3,13,0,0,2,19,1,9,2,2,0,4,2,5,27,0,8,1,4,0,0,1,0,20,12,1,79,0,0,42,0,17,0,0,2,0,0,14,3,79,2,8,0,0,10,9,2,9,0,0,2,0,24,5,0,3,47,1,9,3,8,16,12,0,0,16,7,7,2,10,7,1,0,6,6,2,3,8,5,0,2,17,1,11,5,5,13,5,0,0,0,0,1,12,1,4,20,0,0,12,5,36,14,5,33,0,0,0,0,1,0,0,88,128,9,167,39,2,1,56,0,1,7,0,1,55,12,5,4,2,0,14,1,7,34,25,1,8,24,1,7,12,2,5,12,45,6,5,50,1,2,15,0,6,18,16,4,0,52,5,62,30,4,21,25,5,1,7,4,0,0,25,36,16,5,1,0,1,52,2,5,4,11,3,38,19,16,1,4,0,0,0,4,3
C,1,3,2,4,80,4,2,1,2,0,0,0,8,1,5,88,1,0,23,1,156,0,4,5,1,1,0,1,0,3,0,1,2,1,0,1,0,0,0,2,0,2,0,1,6,4,31,0,15,11,121,1,0,0,0,1,0,1,0,7,0,0,0,0,11,1,263,14,1,2,32,5,2,0,0,0,1,1,0,0,1,0,3,15,4,3,3,3,6,0,1,0,5,67,6,73,0,1,0,3,0,11,15,1,3,2,3,1,0,0,0,12,0,1,50,0,2,1,0,10,0,0,63,0,118,2,42,0,5,28,0,24,2,2,1,59,0,1,5,0,0,1,1,2,51,2,11,10,1,6,3,0,0,2,0,5,2,17,0,2,0,22,0,0,2,1,0,0,0,3,0,0,4,4,0,0,0,0,0,1,0,2,0,1,49,0,0,0,3,22,0,1,37,0,1,1,0,0,3,1,6,60,8,1,0,0,1,0,0,0,1,0,4,1,6,3,36,1,0,14,93,1,7,4,0,4,1,0,2,3,0,13,1,3,0,5,48,1,1,0,1,0,3,3,0,0,2,0,1,3,0,0,0,5,1,1,2,2,1,2,0,6,46,3,0,26,0,0,3,2,0,2,9,4,1,3,1,0,1,18,4,1
F,6,1,32,0,1,2,2,0,0,0,38,28,52,91,0,4,0,14,18,8,16,2,1,7,84,111,19,0,6,4,0,1,8,2,1,1,0,0,0,0,1,0,8,63,29,3,136,1,10,18,51,126,14,6,1,0,0,2,0,5,27,1,323,0,0,0,26,2,5,4,25,6,1,0,3,1,6,30,22,1,5,36,30,10,326,119,8,24,20,3,0,0,4,1,6,4,0,0,0,6,0,0,1,0,45,0,4,0,0,15,0,52,3,70,14,0,0,45,0,163,0,0,0,1,1,0,3,63,678,16,1,0,0,58,47,3,2,2,1,0,100,0,95,3,191,14,23,13,5,105,14,1,21,14,8,47,40,65,12,2,14,165,0,0,7,2,13,3,0,22,0,64,7,55,144,0,4,3,0,1,13,70,0,52,289,0,0,20,6,43,40,82,82,0,0,0,0,0,6,0,3,2,5,62,35,4,0,10,0,0,3,0,0,151,40,194,0,5,0,8,67,8,43,3,0,0,104,3,2,2,3,3,2,10,22,111,0,29,1,7,1,0,44,113,4,3,25,1,19,14,2,8,30,0,1,3,44,0,0,11,7,87,268,3,0,0,10,3,82,275,11,1,160,4,8,69,1,19,1,173,43,7
Y,2,4,14,4,0,1,4,0,7,0,3,290,1,2,15,16,1,47,3,6,50,1,25,6,77,40,15,3,17,4,0,0,0,1,12,1,0,0,3,0,1,1,0,34,69,4,5,0,3,168,5,191,14,1,13,23,0,2,0,29,5,0,87,0,0,0,17,1,60,0,10,67,2,2,7,0,72,81,27,0,2,7,0,3,87,34,7,42,23,3,0,0,0,5,94,1,2,1,18,0,1,0,0,0,148,0,1,1,0,0,0,233,0,0,7,0,0,10,2,17,0,0,0,0,5,1,39,49,1,1,0,0,0,15,186,3,0,1,0,0,155,5,158,2,97,111,6,65,3,8,7,0,3,10,2,6,577,9,27,2,2,63,0,0,0,9,0,3,0,35,0,72,3,2,2,0,2,8,0,6,15,148,4,0,67,0,0,0,6,0,33,20,3,0,12,0,0,0,12,0,0,18,1,1,17,0,0,0,2,0,8,1,6,27,3,1,0,0,0,2,59,371,6,10,1,5,276,7,7,3,0,9,3,1,1,15,4,142,0,17,1,4,75,47,3,3,22,5,19,0,2,10,20,2,1,1,43,0,1,2,1,18,88,0,0,0,15,1,14,23,4,1,54,1,25,10,1,25,0,209,416,16
W,0,1,1,0,0,0,0,0,0,0,0,112,7,0,0,0,0,40,5,1,0,0,6,0,165,16,3,0,0,1,2,0,1,0,0,0,0,0,0,0,0,0,5,79,5,4,0,1,0,60,51,21,0,0,0,0,0,0,0,28,0,0,196,0,0,0,9,1,0,0,46,11,0,0,1,0,2,479,31,0,0,1,0,5,3,0,29,25,19,0,0,0,0,1,20,0,0,0,0,0,0,0,0,0,0,0,0,0,0,0,0,17,0,0,0,0,0,3,0,4,0,0,0,0,0,0,0,1,11,0,0,0,0,19,57,0,0,0,0,0,19,0,25,1,19,138,4,0,86,8,1,0,0,1,2,2,6,1,67,0,10,64,0,0,72,0,2,1,0,2,0,474,0,0,1,0,0,7,0,0,0,9,0,1,7,0,0,1,6,1,5,0,4,0,1,0,0,0,82,0,0,0,0,0,6,0,0,0,0,0,0,0,6,45,0,42,0,0,0,0,2,8,10,5,0,0,125,1,3,3,0,4,1,0,4,114,1,209,0,1,1,1,268,7,1,0,1,0,12,0,0,0,5,0,1,0,2,0,0,2,0,172,0,1,0,1,14,1,0,223,2,0,14,2,4,4,2,1,0,34,5,0
H,0,2,1,2,6,0,5,8,0,8,1,156,0,0,41,8,0,12,29,35,3,5,16,40,28,2,2,6,12,88,2,0,0,0,22,10,20,8,20,1,2,48,2,5,9,6,1,0,0,55,0,2,0,0,4,573,0,37,1,29,0,0,0,0,0,0,3,126,17,13,21,1,13,5,0,2,103,6,1,7,13,4,3,7,2,1,1,4,45,9,0,0,15,156,36,0,42,39,20,0,2,1,8,5,48,2,0,6,1,0,7,46,0,0,8,0,760,0,748,6,0,762,0,0,10,11,34,145,0,4,49,0,2,79,9,0,396,5,4,10,14,14,100,2,21,12,3,16,19,8,7,1,4,21,13,4,44,5,2,7,3,1,3,3,7,28,7,1,20,22,8,0,48,0,2,0,0,16,1,2,16,65,5,30,2,1,2,0,19,0,119,194,0,0,4,0,762,0,3,0,290,0,0,0,57,0,59,0,3,19,21,5,3,1,0,0,0,0,0,40,0,223,13,22,1,88,1,16,13,1,0,53,4,42,1,5,15,21,1,108,7,23,8,24,18,0,22,7,2,0,23,27,0,5,7,2,74,15,0,12,0,0,5,8,752,1,3,6,4,3,17,11,16,2,46,3,2,27,0,12,21,4
K,5,5,9,35,23,64,41,32,50,423,0,6,1,0,6,0,0,15,0,87,0,83,200,8,1,1,48,0,16,43,4,0,9,2,26,7,5,56,7,34,16,9,122,21,13,56,1,1,0,0,0,0,0,0,51,0,24,101,2,114,0,0,0,0,0,0,0,0,47,19,48,5,23,25,7,47,32,1,17,28,5,4,17,71,4,19,30,3,52,42,0,0,33,30,44,0,22,14,8,0,165,102,4,31,1,109,2,103,7,0,248,38,1,0,0,0,0,0,0,0,0,0,0,0,1,0,45,15,0,66,65,30,67,5,0,0,0,86,100,0,22,187,2,0,48,40,9,9,67,11,56,24,51,47,6,0,0,1,71,77,4,0,2,2,9,8,99,26,41,12,109,9,141,19,6,52,4,9,1,7,6,20,15,0,0,19,10,0,69,0,18,10,0,1,4,0,0,0,12,0,0,0,0,0,43,0,50,0,46,97,11,29,13,16,0,0,0,0,0,0,0,0,4,86,19,1,0,19,28,64,0,73,7,9,24,2,0,9,1,54,21,19,6,15,74,0,1,74,294,0,282,49,2,7,114,85,38,71,1,111,0,1,0,0,0,0,70,25,5,3,135,104,7,162,215,21,37,50,0,6,5,20
R,8,14,10,9,2,3,20,31,14,160,0,20,6,1,12,70,1,151,1,134,2,51,52,14,21,0,15,4,8,56,15,2,13,3,42,2,1,18,2,13,5,17,21,155,137,37,0,0,0,1,0,0,0,0,63,1,16,24,10,92,0,0,0,0,0,0,0,6,55,44,2,14,17,7,1,13,173,10,7,6,7,11,10,18,9,4,15,9,65,48,0,0,23,27,118,0,22,46,149,0,40,83,1,10,4,97,5,23,1,0,108,6,0,0,0,0,0,0,1,0,0,0,0,0,0,0,40,70,1,77,28,2,33,0,0,0,7,167,111,0,5,67,1,1,58,16,19,4,13,52,10,14,16,35,10,0,0,39,103,37,3,1,2,3,3,12,66,28,25,16,69,7,121,6,2,2,42,14,34,0,9,17,5,3,0,14,27,0,107,0,19,74,0,0,9,0,0,0,10,0,0,0,0,1,54,0,101,5,18,45,25,49,14,1,0,0,0,0,0,0,0,0,14,143,27,0,18,42,20,61,0,72,16,2,31,4,0,138,6,31,84,14,0,49,202,2,24,153,232,0,291,175,9,47,208,209,32,36,0,73,0,0,2,0,1,0,20,22,18,20,61,73,4,225,43,14,14,21,0,9,16,20
Q,6,11,7,24,3,10,49,14,13,4,0,10,1,1,77,2,0,6,24,59,7,16,32,19,7,4,10,0,5,32,3,18,2,0,4,7,16,7,7,13,31,0,50,15,0,36,2,4,1,4,0,0,0,0,28,1,1,82,4,0,0,0,0,0,0,0,2,0,9,20,0,6,23,11,22,28,18,1,5,18,26,7,140,38,13,3,22,1,33,31,0,2,20,185,3,0,5,12,263,0,34,130,0,2,0,30,0,14,11,0,18,6,0,0,93,0,0,0,0,0,0,0,1,0,15,0,34,25,0,14,25,1,19,0,0,0,249,34,22,2,1,28,19,1,31,53,26,16,4,13,23,39,11,13,12,1,1,5,22,21,5,0,0,1,7,18,7,7,22,32,77,0,110,19,34,3,2,10,21,1,17,7,38,0,1,85,0,0,46,0,1,18,4,0,2,0,0,0,3,0,14,224,0,0,165,0,30,1,28,29,7,25,6,0,0,0,0,16,0,97,0,1,26,68,22,4,0,15,52,8,0,24,11,91,5,4,4,4,41,10,19,78,15,8,48,0,0,175,3,0,44,58,1,123,49,61,8,32,4,121,0,5,0,26,0,1,11,27,269,3,73,55,9,45,44,11,15,24,0,8,1,22
N,11,2,100,18,12,7,16,30,19,3,0,8,0,1,76,71,0,27,2,20,6,10,6,154,69,2,26,2,128,17,80,0,2,3,2,14,153,2,192,2,5,93,14,3,1,19,1,0,5,11,60,1,0,0,2,2,4,43,1,112,0,0,0,0,1,0,73,124,2,62,31,13,35,49,9,20,11,2,7,7,13,5,10,6,4,10,7,3,26,10,5,1,26,37,28,0,2,153,1,0,15,11,3,49,53,15,0,15,11,0,10,1,0,0,54,0,0,1,0,3,0,0,0,0,127,101,20,20,0,6,239,1,21,1,0,0,16,5,11,0,0,55,44,0,15,26,30,10,28,4,81,9,16,19,11,4,9,4,4,21,10,2,4,9,4,3,4,61,74,11,257,5,35,0,0,22,2,16,8,3,38,1,8,0,0,8,2,0,20,0,0,91,0,0,0,1,0,0,3,1,5,1,0,0,1,0,149,0,4,81,12,5,46,0,0,0,0,2,0,1,0,12,4,5,1,245,0,36,61,29,0,1,5,0,3,50,48,14,97,21,63,2,2,16,63,7,18,33,5,0,13,21,0,0,19,15,24,173,0,17,0,0,0,65,1,0,2,38,12,2,38,20,4,10,18,27,6,32,9,2,3,12
E,3,8,16,11,11,6,39,35,20,27,0,0,0,0,60,0,0,27,10,146,1,53,115,21,2,1,1,0,24,36,29,0,0,0,0,9,51,21,16,9,52,0,241,21,15,304,7,1,1,0,0,1,0,0,297,0,23,140,6,0,0,0,0,129,0,0,7,1,107,171,6,41,74,33,59,90,22,0,14,112,38,8,93,34,1,68,8,8,78,71,0,80,326,81,78,0,90,55,8,0,196,43,1,15,0,66,0,226,52,0,7,0,0,0,0,0,0,0,0,3,0,0,0,0,1,0,233,45,0,29,18,1,81,0,0,0,0,294,120,715,0,178,11,0,0,19,28,70,22,27,28,49,16,49,16,0,0,4,21,29,67,0,26,2,17,6,6,31,46,6,23,0,97,39,1,40,6,50,119,11,118,4,238,0,1,90,4,0,114,0,3,50,1,0,2,0,0,0,13,1,14,0,0,0,27,0,157,0,142,97,41,14,17,0,0,0,0,0,0,37,0,1,2,42,420,15,1,247,117,158,1,7,2,4,0,6,1,2,6,30,113,97,4,14,101,1,0,167,33,0,31,80,7,139,125,121,87,21,4,99,0,0,0,0,0,23,34,244,20,10,109,86,0,20,32,29,11,213,2,11,5,225
D,2,3,3,8,7,4,42,109,5,4,0,21,0,0,279,0,1,18,1,30,0,481,16,12,27,1,4,1,42,15,20,0,0,16,0,72,39,0,40,5,45,1,54,47,11,137,0,4,26,0,2,0,0,0,212,0,41,116,4,6,0,0,0,631,0,0,1,84,63,137,103,12,118,205,12,27,2,1,12,73,15,14,192,21,10,10,17,3,70,42,17,11,124,101,29,0,131,77,58,0,38,37,1,24,0,139,1,145,642,0,280,4,0,0,0,1,0,0,11,5,762,0,0,0,2,0,73,31,0,35,103,1,182,0,0,0,12,66,140,27,1,85,9,1,3,17,16,153,14,8,59,10,137,60,26,0,0,5,26,64,372,11,77,3,71,98,5,27,173,12,69,1,22,2,1,16,15,45,83,124,243,3,357,0,2,49,55,0,9,0,0,12,0,0,6,0,0,0,36,0,0,0,0,0,1,0,119,1,78,55,87,8,15,0,0,0,0,0,758,0,0,63,2,16,131,0,0,151,153,50,0,0,2,9,3,1,40,9,421,50,64,125,19,4,65,2,1,40,4,0,5,62,0,0,49,30,11,152,7,44,0,0,0,0,0,681,34,189,78,2,52,22,0,6,27,8,8,82,1,12,5,115
S,7,49,28,23,23,33,61,17,19,31,0,26,1,0,41,62,0,59,1,37,25,3,16,165,13,55,30,12,35,36,28,12,100,75,12,163,7,0,11,3,13,16,9,38,5,18,12,9,7,57,128,1,1,0,9,5,21,14,0,3,0,0,0,0,29,27,100,51,18,44,47,13,33,8,8,11,17,6,12,31,27,12,18,22,22,27,4,7,23,109,32,0,48,6,40,3,11,75,28,0,16,52,6,2,0,98,6,98,29,0,23,2,0,4,22,528,0,9,0,30,0,0,47,2,10,0,23,13,0,16,13,59,5,0,5,0,29,10,35,1,0,22,37,7,8,69,174,25,16,20,21,10,15,27,32,18,0,27,10,51,18,2,5,5,8,6,4,19,46,13,15,1,7,6,2,2,6,18,6,0,11,4,12,0,0,13,107,0,36,3,0,65,76,0,71,7,0,101,1,0,37,21,317,3,1,0,18,4,17,23,189,12,48,3,0,0,50,264,0,29,23,25,37,45,29,126,0,10,19,33,2,10,15,23,42,13,20,25,163,109,31,35,41,30,43,617,4,9,4,0,8,32,0,26,27,27,40,19,62,6,0,0,8,56,1,13,34,15,17,6,41,109,0,5,26,132,17,18,1,33,7,39
T,8,18,13,23,19,63,76,14,151,53,1,44,12,4,20,136,1,200,3,83,47,5,14,70,10,5,78,4,65,14,26,62,17,166,7,12,35,5,11,5,20,52,38,52,20,57,15,9,61,18,72,14,0,0,61,131,27,39,3,97,21,0,0,0,549,4,10,6,9,10,19,8,58,13,3,41,6,2,13,16,28,60,6,17,12,21,39,53,58,142,4,0,15,4,96,0,8,31,6,0,12,24,114,0,12,74,29,16,3,0,38,16,0,1,8,77,0,28,0,15,0,0,110,0,1,10,5,5,0,88,10,222,196,10,0,13,8,10,27,0,1,9,6,40,20,80,32,28,11,209,42,5,14,15,13,6,1,1,11,10,11,8,1,1,5,24,22,8,20,5,29,12,48,197,29,1,2,14,26,0,7,46,41,0,16,18,62,0,188,25,1,14,288,0,3,0,0,545,5,0,58,40,4,27,6,1,62,72,2,9,168,6,316,6,10,2,300,57,0,29,2,3,221,41,8,10,2,35,27,20,0,40,8,5,4,23,62,33,3,65,44,14,74,17,15,69,54,9,31,3,7,38,11,15,15,36,256,7,18,137,7,1,61,15,0,0,17,26,68,3,16,121,7,12,43,6,81,12,0,27,7,37
-,502,471,449,430,341,165,141,134,34,33,31,31,18,18,18,18,19,19,16,14,11,13,58,23,37,32,266,583,127,230,306,447,423,448,437,422,422,422,421,418,415,438,41,27,17,9,9,9,6,6,6,6,6,5,5,5,5,102,84,5,5,5,5,5,5,5,5,5,7,145,15,10,78,297,591,169,176,100,104,106,290,129,118,72,25,131,232,123,17,5,687,661,18,4,4,4,4,4,4,4,4,4,4,4,4,4,4,4,4,4,4,3,3,3,3,3,3,3,3,3,3,3,3,3,3,3,3,3,3,3,6,3,63,3,47,52,3,3,3,3,3,3,3,3,3,3,5,20,58,164,168,547,435,184,83,74,45,79,236,215,215,249,595,641,506,355,404,385,30,5,2,2,2,62,3,546,591,245,379,592,211,210,1,2,2,48,2,2,2,2,2,2,2,692,2,3,3,3,3,2,2,2,2,2,4,4,4,5,7,265,43,5,6,4,4,4,4,4,4,4,4,4,4,6,8,214,7,7,7,8,630,21,29,11,11,86,19,13,8,9,8,7,6,6,6,6,6,7,8,9,11,11,10,13,63,14,7,8,20,12,7,7,8,8,8,9,9,9,9,9,10,9,34,54,36,49,60,91,650,88,122,163
other,0,0,0,0,0,0,0,0,0,0,0,0,0,0,0,0,0,0,0,0,0,0,0,0,0,0,0,0,0,0,0,0,0,0,0,0,0,0,0,0,0,0,0,0,0,0,0,0,0,0,0,0,0,0,0,0,0,0,0,0,0,0,0,0,0,0,0,0,0,0,0,0,0,0,0,0,0,0,0,0,0,0,0,0,0,0,0,0,0,0,0,0,0,0,0,0,0,0,0,0,0,0,0,0,0,0,0,0,0,0,0,0,0,0,0,0,0,0,0,0,0,0,0,0,0,0,0,0,0,0,0,0,0,0,0,0,0,0,0,0,0,0,0,0,0,0,0,0,0,0,0,0,0,0,0,0,0,0,0,0,0,0,0,0,0,0,0,0,0,0,0,0,0,0,0,0,0,0,0,0,0,0,0,0,0,0,0,0,0,0,0,0,0,0,0,0,0,0,0,0,0,0,0,0,0,0,0,0,0,0,0,0,0,0,0,0,0,0,0,0,0,0,0,0,0,0,0,0,0,0,0,0,0,0,0,0,0,0,0,0,0,0,0,0,0,0,0,0,0,0,0,0,0,0,0,0,0,0,0,0,0,0,0,0,0,0,0,0,0,0,0,0,0,0,0,0,0,0,0,0,0,0
