G,0.107142857143,0.0,0.0172413793103,0.172413793103,0.0,0.0,0.0,0.0,0.0,0.0,0.0,1.0,0.0338983050847,0.101694915254,0.0,1.0,0.118644067797,0.0,0.0,0.0,0.0,0.0,0.0,0.0,0.0,0.0,0.0,0.0,0.0169491525424,0.0508474576271,0.983050847458,0.0,0.0,0.0,0.0,0.0,0.0,0.0,0.0,0.0,0.0169491525424,0.0,1.0,0.0,0.0,0.0,0.0,0.0,0.0,0.0,0.0169491525424,0.0,0.0169491525424,0.0,0.0,0.0169491525424,0.0,0.0,0.0,0.0,0.0,0.0,0.0,0.0,0.0,0.0,0.0,0.0338983050847,0.0,0.0847457627119,0.0,0.101694915254,0.0,0.0,0.0,0.0,0.0,0.0,1.0,0.0,0.0,0.0,1.0,0.983050847458,0.0,0.0,0.0,0.203389830508,0.0,0.0,0.0,0.0,0.0,0.0,0.0,0.0,0.0,0.0,0.0,0.0,0.220338983051,0.0,0.0,0.0,0.0,0.0,0.0,0.0,0.0,0.0,0.0,0.0,0.0,0.0169491525424,0.0,0.0,0.0,0.0,0.0,0.0169491525424,0.0,0.0,0.0169491525424,0.0338983050847,0.0,0.0,0.0,0.0,0.0169491525424,0.0677966101695,0.0,0.0,0.0,0.0,0.0,0.0,0.0169491525424,0.0,0.0,0.775862068966,0.0172413793103,0.0,0.0212765957447,0.0208333333333,0.0,0.0169491525424,0.0169491525424,0.0,0.0,0.0,0.0,0.966101694915,0.0,0.0,0.0169491525424,0.0,0.0,0.0,0.0,0.0,0.0,0.0,0.0169491525424,0.0,0.0,0.0,0.0,0.0,0.0,0.0,0.0,0.152542372881,0.0338983050847,0.0,0.0,0.0338983050847,0.0,0.0,0.28813559322,0.0,0.0,0.0,0.0,0.0169491525424,0.0,0.0,0.0169491525424,0.0,0.0169491525424,0.0,0.0,0.0,0.0,0.0,0.0,0.677966101695,0.0,0.966101694915,0.0,0.0,0.0,0.0,0.0,0.0,0.0,0.0,0.0,0.0,0.0,0.0,0.0,0.440677966102,0.0,0.0,0.0169491525424,0.0,0.0,0.0169491525424,0.0,0.0,0.0,0.0,0.0,0.0,0.0847457627119,0.863636363636,0.0169491525424,0.0169491525424,0.0169491525424,0.0,0.0,0.0,0.0,0.0,0.672413793103,0.0,0.0,0.0,0.0,0.0169491525424,0.0,0.0,0.0,0.0,0.0,0.0,0.0,0.0,0.0,0.0,0.0,0.0,0.0,0.0,0.0,0.0677966101695,0.0338983050847,0.0169491525424,0.0,0.0384615384615
P,0.0357142857143,0.0,0.0,0.0,0.0,0.0,0.0,0.0,0.0,0.0,0.0,0.0,0.0,0.0,0.0,0.0,0.0,0.0,0.0,0.0,0.0,0.0,0.0,0.0,0.932203389831,0.0,0.0,0.0,0.0,0.0,0.0,0.0,0.0,0.0,0.0,0.0169491525424,0.0,0.0,0.0,0.0,0.0,0.0,0.0,0.0,0.0,0.0677966101695,0.0,0.0338983050847,0.0,0.0,0.0,0.0,0.0,0.0,0.0,0.0,0.0,0.0,0.0,0.0,0.983050847458,0.0,0.0,0.0,0.0,0.0,0.0,0.0,0.0,0.796610169492,0.474576271186,0.0,0.0,0.0,0.0,0.0,0.0,0.0,0.0,0.0,0.0,0.0,0.0,0.0,0.0,0.0,0.0,0.0,0.0,0.0,0.0,0.0,0.0,0.0,0.932203389831,0.0,0.0,0.0,0.0,0.0,0.0,0.0,0.0,0.0,0.0,0.0,0.0,0.0,1.0,0.0,0.0338983050847,0.0,0.0,0.0338983050847,0.762711864407,0.0,0.0,0.0338983050847,0.0,0.0,0.0,0.0,0.0,0.0,0.0,0.0,0.847457627119,0.0847457627119,0.0338983050847,0.0,0.0,0.0,0.0,0.0,0.0,0.0,0.0,0.576271186441,0.0,0.0,0.0344827586207,0.574468085106,0.0,0.0208333333333,0.625,0.0,0.0338983050847,0.0,0.0,0.0,0.0,0.0,0.932203389831,0.0,0.0,0.0,0.0,0.0,0.0,0.0,0.0,0.0,0.0,0.0,0.542372881356,0.322033898305,0.0,0.0,0.0,0.0,0.0,0.0,0.0,0.0,0.0,0.0,0.0,0.796610169492,0.0,0.0,0.0,0.0,0.0,0.0338983050847,0.0,0.0,0.0169491525424,0.0,0.0,0.0169491525424,0.0338983050847,0.0,0.0,0.0,0.0,0.0,0.0,0.0,0.0,0.0,0.220338983051,0.0,0.0,0.0,0.0,0.0,0.0,0.0847457627119,0.0,0.0,0.0,0.0,0.0,0.745762711864,0.0,0.0,0.0,0.0,0.0,0.0,0.0,0.0,0.0,0.0,0.0,0.0,0.0,0.0,0.0,0.0,0.0,0.0,0.0,0.0,0.0,0.0,0.0,0.0,0.0,0.322033898305,0.0,0.0,0.0,0.0,0.983050847458,0.0,0.0,0.0,0.0,0.0,0.0,0.0,0.0,0.0,0.0,0.0,0.0169491525424,0.0,0.0,0.0
A,0.125,0.0,0.051724137931,0.0,0.0338983050847,0.0,0.0,0.0,0.0,0.0,0.0,0.0,0.864406779661,0.0,0.0,0.0,0.813559322034,0.0,0.0,0.0,0.0,0.0,0.0,0.0,0.0,0.0,0.0,0.0,0.338983050847,0.762711864407,0.0,0.0,0.0,0.0,0.0,0.627118644068,0.0,0.0,0.0,0.847457627119,0.983050847458,0.0338983050847,0.0,0.0169491525424,0.0,0.0338983050847,0.0,0.220338983051,0.0,0.0169491525424,0.0,0.0,0.0,0.0,0.0,0.169491525424,0.0338983050847,0.0,0.0,0.0338983050847,0.0169491525424,0.0,0.0,0.0,0.0,0.0,0.610169491525,0.0677966101695,0.0,0.0338983050847,0.0677966101695,0.0,0.0,0.0,0.0508474576271,0.0,0.0,0.0,0.0,0.0,0.0,0.0,0.0,0.0,0.0,0.0,0.0,0.745762711864,0.0,0.949152542373,0.0344827586207,0.0,0.0,0.0,0.0,0.0,0.0,0.0,0.237288135593,0.237288135593,0.694915254237,0.0,0.0,0.0,0.389830508475,0.983050847458,0.0169491525424,0.0689655172414,0.0,0.0,0.0169491525424,0.0847457627119,0.0,0.0338983050847,0.0338983050847,0.0,0.0,0.0,0.0,0.0,0.0169491525424,0.0,0.0,0.0508474576271,0.0,0.0169491525424,0.0,0.457627118644,0.0847457627119,0.372881355932,0.0,0.0,0.0,0.0338983050847,0.0169491525424,0.0,0.203389830508,0.0,0.0,0.0172413793103,0.0,0.0425531914894,0.0425531914894,0.0208333333333,0.0,0.0,0.0,0.0169491525424,0.0172413793103,0.0,0.0,0.0,0.0169491525424,0.0,0.0,0.0169491525424,0.322033898305,0.0178571428571,0.0,0.0,0.0169491525424,0.0,0.0169491525424,0.0,0.0,0.0508474576271,0.0,0.0,0.0,0.305084745763,0.0,0.762711864407,0.0,0.0677966101695,0.0,0.169491525424,0.0,0.0338983050847,0.0169491525424,0.0,0.0169491525424,0.0,0.0,0.0,0.0,0.0169491525424,0.0847457627119,0.0,0.457627118644,0.0169491525424,0.0508474576271,0.0,0.0,0.0,0.0169491525424,0.0,0.0,0.0169491525424,0.0,0.0169491525424,0.0508474576271,0.0,0.203389830508,0.0,0.0,0.0,0.0,0.0169491525424,0.0,0.0,0.0,0.406779661017,0.0,0.0,0.0169491525424,0.0,0.0,0.0,0.0,0.0,0.0,0.0169491525424,0.101694915254,0.0,0.169491525424,0.0,0.0847457627119,0.0508474576271,0.0,0.135593220339,0.0169491525424,0.0,0.0,0.0169491525424,0.0172413793103,0.813559322034,0.0,0.0,0.0,0.559322033898,0.0,0.0,0.0,0.0,0.0,0.0,0.0,0.0,0.0,0.0847457627119,0.0508474576271,0.0,0.0,0.0,0.0,0.779661016949,0.118644067797,0.0169491525424,0.0,0.5
V,0.0535714285714,0.0344827586207,0.0,0.0,0.0508474576271,0.0,0.0169491525424,0.881355932203,0.0,0.949152542373,0.0,0.0,0.0,0.0,0.0,0.0,0.0,0.0,0.0,0.0,0.0,0.0,0.0508474576271,0.0,0.0,0.0,0.0,0.0,0.0338983050847,0.0169491525424,0.0,0.0,0.0169491525424,0.966101694915,0.0,0.203389830508,0.0677966101695,0.0,0.0,0.0,0.0,0.0,0.0,0.152542372881,0.0,0.0,0.0,0.0508474576271,0.0,0.0,0.0,0.576271186441,0.0,0.0,0.0,0.0338983050847,0.0,0.0,0.0,0.0169491525424,0.0,0.0,0.0,0.0,0.0338983050847,0.0,0.0169491525424,0.0,0.0169491525424,0.0,0.0,0.0,0.0,0.0,0.932203389831,0.254237288136,0.0,0.966101694915,0.0,0.0,0.0,0.0,0.0,0.0,0.0,0.0,0.0,0.0,0.0847457627119,0.0338983050847,0.0,0.0,0.0,0.0,0.0,0.0,0.0,0.237288135593,0.0169491525424,0.694915254237,0.0169491525424,1.0,0.0,0.0338983050847,0.0,0.0169491525424,0.0508474576271,0.155172413793,0.0,0.0,0.0169491525424,0.254237288136,0.0,0.0169491525424,0.0,0.0,0.0,0.915254237288,0.0,0.0,0.0169491525424,0.0,0.0677966101695,0.0,0.0,0.0338983050847,0.0,0.0,0.0,0.0,0.0,0.0169491525424,0.0,0.0,0.0169491525424,0.0,0.0847457627119,0.0,0.0,0.0,0.0,0.0212765957447,0.0212765957447,0.0,0.0,0.0,0.0169491525424,0.0338983050847,0.0862068965517,0.0169491525424,0.0,0.0,0.0,0.0,0.0,0.0169491525424,0.0,0.0,0.0169491525424,0.0,0.0,0.0,0.0,0.0,0.0,0.135593220339,0.0,0.0,0.169491525424,0.0169491525424,0.0,0.0338983050847,0.0,0.0,0.0,0.338983050847,0.0,0.0508474576271,0.0,0.0,0.0,0.0,0.120689655172,0.0,0.0,0.0338983050847,0.0,0.0,0.0169491525424,0.0,0.0,0.0,0.0,0.0,0.0169491525424,0.0169491525424,0.0,0.0,0.0,0.949152542373,0.0,0.0,0.779661016949,0.0,0.35593220339,0.620689655172,0.0,0.0,0.0,0.0,0.0338983050847,0.0677966101695,0.0169491525424,0.0,0.0847457627119,0.0,0.0,0.0,0.0,0.0,0.0,0.0677966101695,0.0,0.0169491525424,0.0338983050847,0.0,0.610169491525,0.0169491525424,0.0,0.813559322034,0.203389830508,0.0338983050847,0.0338983050847,0.0,0.0172413793103,0.0677966101695,0.0,0.0,0.0,0.0677966101695,0.0,0.0,0.0,0.0169491525424,0.0,0.0,0.0,0.118644067797,0.0,0.0338983050847,0.0169491525424,0.0,0.0169491525424,0.0,0.0338983050847,0.0508474576271,0.0,0.0,0.0,0.0192307692308
L,0.0892857142857,0.0344827586207,0.0172413793103,0.0,0.0,0.0,0.0,0.0,1.0,0.0,0.0,0.0,0.0169491525424,0.0,0.0338983050847,0.0,0.0,0.0,0.0,0.0,0.0,0.0,0.728813559322,0.0,0.0,0.64406779661,0.983050847458,0.0,0.0,0.0,0.0,0.0,0.0,0.0,0.0,0.0338983050847,0.830508474576,0.0,0.830508474576,0.0,0.0,0.0,0.0,0.0,0.0,0.28813559322,0.0,0.0169491525424,0.186440677966,0.0,0.0,0.35593220339,0.0,0.0,0.440677966102,0.0,0.0,0.0,0.0,0.254237288136,0.0,1.0,0.775862068966,0.0,0.525423728814,0.396551724138,0.0,0.0169491525424,0.71186440678,0.0,0.0,0.0,0.0,0.0,0.0169491525424,0.0,0.966101694915,0.0169491525424,0.0,0.0,0.0,0.847457627119,0.0,0.0,0.465517241379,0.0,0.694915254237,0.0,0.847457627119,0.0,0.0,0.0,0.0,0.0,0.0,0.0,0.0,0.0,0.0508474576271,0.0338983050847,0.0,0.0,0.0,0.864406779661,0.0,0.0,0.0677966101695,0.137931034483,0.0,0.0,0.0,0.101694915254,0.0,0.0,0.0169491525424,0.0,0.0,0.0,0.881355932203,0.0,0.0,0.0,0.0508474576271,0.0,0.0169491525424,0.0,0.0,0.0338983050847,0.0,0.0,0.0,0.847457627119,0.0,0.0,0.0,0.0,0.28813559322,0.0,0.0,0.0,0.0,0.0212765957447,0.0851063829787,0.0,0.0208333333333,0.593220338983,0.0,0.0677966101695,0.0344827586207,0.169491525424,0.0847457627119,0.0,0.0,0.0,0.0338983050847,0.677966101695,0.0,0.0178571428571,0.0,0.932203389831,0.0,0.0,0.881355932203,0.0,0.0,0.0,0.0,0.0,0.64406779661,0.0,0.983050847458,0.0169491525424,0.101694915254,0.0508474576271,0.983050847458,0.152542372881,0.0,0.0,0.0,0.0,0.779661016949,0.0,0.431034482759,0.0,0.0,0.932203389831,0.0,0.0,0.0338983050847,0.0169491525424,0.0,0.0677966101695,0.0,0.0,0.0,0.0,0.0,0.0,0.0,0.0,0.0,0.0338983050847,0.0,0.0,0.0169491525424,0.0862068965517,0.0,0.0,0.0,0.0,0.254237288136,0.0169491525424,0.0677966101695,0.0169491525424,0.305084745763,0.0,0.0,0.0,0.0847457627119,0.0169491525424,0.101694915254,0.0,0.0,0.0,0.0,0.0,0.0677966101695,0.0,0.0,0.0169491525424,0.0677966101695,0.0,0.101694915254,0.0,0.0,0.0,0.0,0.0,0.0172413793103,0.0,0.0,0.627118644068,0.0,0.0,0.0,0.0,0.0,0.881355932203,0.0508474576271,0.0169491525424,0.0,0.932203389831,0.559322033898,0.0,0.0169491525424,0.0,0.0677966101695,0.0,0.0,0.0
I,0.0,0.051724137931,0.0,0.0172413793103,0.0,0.0,0.0508474576271,0.118644067797,0.0,0.0508474576271,0.0,0.0,0.0169491525424,0.0,0.0,0.0,0.0,0.0,0.0169491525424,0.0,0.0,0.0,0.203389830508,0.0677966101695,0.0,0.0,0.0169491525424,0.0,0.0169491525424,0.0,0.0,0.0,0.0,0.0338983050847,0.0,0.0,0.0338983050847,0.0,0.0,0.0,0.0,0.0,0.0,0.661016949153,0.0,0.0,0.0,0.0,0.796610169492,0.0,0.0,0.0677966101695,0.0,0.0,0.0169491525424,0.0,0.0,0.0,0.0,0.0,0.0,0.0,0.0172413793103,0.0,0.0338983050847,0.0689655172414,0.0,0.0,0.271186440678,0.0,0.0,0.0,0.0,0.0,0.0,0.745762711864,0.0169491525424,0.0,0.0,0.0,0.0,0.0,0.0,0.0,0.0862068965517,0.0,0.305084745763,0.0,0.0169491525424,0.0,0.0172413793103,0.0,0.0,0.0,0.0,0.0,0.0,0.762711864407,0.0,0.0338983050847,0.0,0.0,0.0,0.0338983050847,0.0,0.0,0.0169491525424,0.0,0.0,0.0,0.0677966101695,0.118644067797,0.0,0.0508474576271,0.0,0.0,0.0,0.0508474576271,0.0338983050847,0.0,0.0,0.0,0.0847457627119,0.0,0.0,0.0508474576271,0.0,0.0,0.0169491525424,0.0169491525424,0.0,0.0169491525424,0.0,0.0,0.0,0.0169491525424,0.0169491525424,0.0,0.0169491525424,0.0,0.0,0.0212765957447,0.0,0.0,0.0,0.0,0.0,0.0,0.172413793103,0.0508474576271,0.0169491525424,0.0,0.0,0.0,0.0169491525424,0.135593220339,0.0,0.0,0.0,0.0,0.0,0.0,0.0,0.0,0.0,0.322033898305,0.0,0.0,0.118644067797,0.0,0.0,0.0169491525424,0.0338983050847,0.0338983050847,0.0169491525424,0.186440677966,0.0,0.0,0.0,0.0,0.0169491525424,0.0,0.206896551724,0.0,0.0,0.0,0.0,0.0,0.0338983050847,0.0,0.0,0.0,0.0,0.0,0.0,0.0,0.0,0.0,0.0,0.0169491525424,0.0,0.0,0.0,0.0,0.610169491525,0.224137931034,0.0,0.0,0.0,0.0,0.0338983050847,0.0338983050847,0.847457627119,0.0,0.0,0.0,0.0,0.0,0.0,0.0,0.0,0.898305084746,0.0,0.0,0.220338983051,0.0,0.101694915254,0.0508474576271,0.0169491525424,0.0,0.0677966101695,0.0,0.847457627119,0.0169491525424,0.0,0.0,0.0,0.0,0.0,0.0,0.0,0.0169491525424,0.0,0.0,0.0,0.0,0.0,0.0,0.0,0.0,0.0,0.0,0.0338983050847,0.0,0.932203389831,0.0508474576271,0.0,0.0,0.0,0.0192307692308
M,0.0892857142857,0.103448275862,0.0344827586207,0.0344827586207,0.0169491525424,0.0,0.0,0.0,0.0,0.0,0.0,0.0,0.0169491525424,0.0,0.0,0.0,0.0,0.0,0.0,0.0,0.0,0.0,0.0,0.0,0.0,0.0,0.0,0.0,0.0,0.0,0.0,0.0,0.0,0.0,0.0,0.0,0.0,0.0,0.152542372881,0.0,0.0,0.0,0.0,0.0169491525424,0.0,0.338983050847,0.0,0.0,0.0169491525424,0.0,0.0,0.0,0.0,0.0,0.152542372881,0.0,0.0,0.0,0.0,0.0,0.0,0.0,0.189655172414,0.0,0.0338983050847,0.51724137931,0.0,0.0,0.0,0.0,0.0,0.0,0.0,0.0,0.0,0.0,0.0169491525424,0.0169491525424,0.0,0.0,0.0,0.0,0.0,0.0,0.379310344828,0.0,0.0,0.0,0.0,0.0,0.931034482759,0.0,0.0677966101695,0.0,0.0,0.0,0.0,0.0,0.0,0.0,0.0,0.0,0.0,0.0338983050847,0.0,0.0,0.0169491525424,0.603448275862,0.0,0.0,0.0,0.0,0.0,0.0508474576271,0.0,0.0,0.0,0.0,0.0508474576271,0.0,0.0,0.0,0.0338983050847,0.0,0.0169491525424,0.0847457627119,0.0,0.0,0.0169491525424,0.0338983050847,0.0169491525424,0.0677966101695,0.0,0.0,0.0,0.0,0.0,0.0,0.0,0.0,0.0,0.0,0.0,0.0,0.0,0.0169491525424,0.0508474576271,0.0,0.637931034483,0.0,0.0,0.0,0.0,0.0338983050847,0.0169491525424,0.0677966101695,0.0,0.0,0.0,0.0169491525424,0.0,0.0,0.0169491525424,0.0,0.0,0.0,0.0,0.0,0.0,0.0,0.0,0.0,0.0338983050847,0.118644067797,0.0,0.0169491525424,0.0,0.0,0.0,0.0,0.0508474576271,0.0,0.0862068965517,0.0,0.0,0.0,0.0,0.0338983050847,0.0677966101695,0.0,0.0,0.0,0.0,0.0,0.0,0.0,0.0,0.0,0.0,0.0,0.0169491525424,0.0,0.0,0.0,0.0169491525424,0.0172413793103,0.0,0.0,0.0,0.0,0.0169491525424,0.0,0.0169491525424,0.0,0.0338983050847,0.0,0.0,0.0,0.0,0.0,0.661016949153,0.0,0.0,0.0,0.0169491525424,0.0,0.0,0.0,0.0,0.0,0.271186440678,0.0,0.0169491525424,0.0,0.0,0.0,0.0,0.0,0.98275862069,0.0,1.0,0.0,0.0,0.169491525424,0.0,0.0,0.0,0.0,0.0,0.0169491525424,0.0,0.0,0.0338983050847,0.0169491525424,0.0169491525424,0.0,0.0169491525424,0.0,0.0,0.0
C,0.107142857143,0.0,0.0,0.0,0.0,0.0,0.0,0.0,0.0,0.0,0.0,0.0,0.0,0.898305084746,0.0,0.0,0.0,0.0,0.627118644068,0.0,0.0,0.0,0.0,0.0,0.0,0.0,0.0,0.0,0.0,0.0,0.0,0.0,0.0,0.0,0.0,0.0,0.0,0.0,0.0,0.0,0.0,0.0,0.0,0.0,0.0,0.0,0.0,0.0,0.0,0.0,0.0,0.0,0.0,0.0,0.0,0.0338983050847,0.0,0.0,0.0,0.0,0.0,0.0,0.0,0.0,0.0,0.0,0.0,0.0,0.0,0.0,0.0,0.0,0.0,0.0,0.0,0.0,0.0,0.0,0.0,0.0,0.0,0.0,0.0,0.0,0.0,0.0,0.0,0.0,0.0,0.0,0.0,0.0,0.0,0.0,0.0,0.0,0.0,0.0,0.0,0.0,0.0,0.0,0.0,0.0,0.0,0.0,0.0,0.0,0.0,0.0,0.0338983050847,0.0,0.0,0.0,0.0,0.0,0.0,0.0,0.0,0.0,0.0,0.0,0.0338983050847,0.0,0.0,0.0169491525424,0.0,0.0,0.0,0.0,0.0,0.0169491525424,0.0,0.0338983050847,0.0,0.0,0.0338983050847,0.0,0.0847457627119,0.0,0.0,0.0,0.0,0.0208333333333,0.0,0.0,0.0,0.0,0.0,0.0,0.0,0.0,0.0,0.0,0.0,0.0,0.0,0.0178571428571,0.0,0.0,0.0,0.0,0.0,0.406779661017,0.0,0.0,0.0,0.0,0.0,0.0,0.0,0.0,0.0,0.0169491525424,0.0,0.0,0.0,0.0,0.0338983050847,0.0338983050847,0.0,0.0,0.0,0.0,0.0,0.0,0.0,0.0,0.0,0.0,0.0,0.0,0.0,0.0,0.0,0.0,0.0,0.0,0.0169491525424,0.0,0.0,0.0,0.0,0.0,0.0,0.0,0.966101694915,0.0,0.0,0.0,0.0,0.0,0.0,0.0,0.0,0.0,0.0,0.0,0.0,0.0,0.0,0.0,0.0338983050847,0.0,0.0169491525424,0.0,0.0,0.0,0.0,0.0,0.0,0.0,0.0,0.0169491525424,0.0,0.0,0.0,0.0,0.0,0.0,0.0,0.0,0.338983050847,0.0,0.0,0.0,0.0,0.0,0.627118644068,0.0,0.28813559322,0.0,0.0338983050847,0.0,0.0,0.0,0.0,0.0,0.0181818181818,0.0
F,0.0178571428571,0.0,0.0,0.0,0.0,0.0,0.779661016949,0.0,0.0,0.0,0.0,0.0,0.0,0.0,0.0,0.0,0.0,0.0,0.0,0.0,0.0847457627119,0.0,0.0169491525424,0.0,0.0,0.0,0.0,0.0,0.0,0.0,0.0,0.0,0.0,0.0,0.0,0.0,0.0677966101695,0.0,0.0,0.0,0.0,0.0,0.0,0.0,0.0,0.0,0.0,0.0,0.0,0.0,0.0,0.0,0.0,0.0,0.389830508475,0.0,0.0,0.0,0.0,0.0,0.0,0.0,0.0,0.0,0.322033898305,0.0172413793103,0.0,0.0,0.0,0.0,0.0,0.0,0.0,0.0,0.0,0.0,0.0,0.0,0.0,0.0,0.0,0.101694915254,0.0,0.0,0.0689655172414,0.0,0.0,0.0,0.0508474576271,0.0,0.0,0.0,0.0,0.559322033898,0.0,0.0,0.0,0.0,0.0169491525424,0.0,0.0,0.0,0.949152542373,0.0338983050847,0.0,0.0,0.813559322034,0.0,0.0,0.0,0.0,0.0,0.0,0.0,0.0,0.0,0.152542372881,0.0,0.0338983050847,0.0,0.0,0.152542372881,0.118644067797,0.0,0.0,0.0,0.0,0.0,0.0,0.0,0.0,0.0338983050847,0.0,0.0,0.0,0.949152542373,0.0,0.0,0.101694915254,0.0,0.0,0.0,0.0,0.0,0.0,0.0,0.0,0.0169491525424,0.0344827586207,0.627118644068,0.898305084746,0.0,0.0,0.0169491525424,0.796610169492,0.0508474576271,0.0,0.0,0.0,0.0508474576271,0.0169491525424,0.0,0.0,0.0,0.0,0.0,0.0,0.0,0.0169491525424,0.0,0.0,0.0,0.0169491525424,0.0,0.0,0.0,0.0,0.0,0.0,0.0169491525424,0.0677966101695,1.0,0.0344827586207,0.0,0.0,0.0169491525424,0.0,0.0,0.0,0.0,0.0,0.915254237288,0.0,0.0,0.0,0.0,0.169491525424,0.0,0.0,0.0,0.0,0.0,0.0,0.322033898305,0.0,0.0172413793103,0.0169491525424,0.0,0.0,0.0,0.0,0.0,0.0169491525424,0.0,0.0,0.0,0.881355932203,0.0,0.0,0.0,0.0169491525424,0.0,0.0,0.0,0.0508474576271,0.0,0.0677966101695,0.0,0.0,0.0169491525424,0.0338983050847,0.0,0.0,0.0,0.0,0.0,0.0,0.0,0.0,0.0,0.0,0.322033898305,0.0,0.0,0.0,0.0,0.0,0.0,0.152542372881,0.0,0.0169491525424,0.0508474576271,0.0,0.0,0.0,0.0,0.0,0.0,0.0181818181818,0.0
Y,0.0,0.0,0.0172413793103,0.0172413793103,0.0,0.0,0.135593220339,0.0,0.0,0.0,0.0,0.0,0.0,0.0,0.0,0.0,0.0,0.0,0.0169491525424,0.0,0.881355932203,0.0,0.0,0.0,0.0,0.0,0.0,0.0,0.0,0.0,0.0,0.0169491525424,0.0,0.0,0.0,0.0,0.0,0.0,0.0,0.0,0.0,0.0,0.0,0.0,0.0,0.0,0.0,0.0,0.0,0.0,0.0,0.0,0.0169491525424,0.0,0.0,0.0847457627119,0.0,1.0,0.0,0.0,0.0,0.0,0.0,0.0,0.0338983050847,0.0,0.0,0.0,0.0,0.0,0.0,0.0,0.0,0.0,0.0,0.0,0.0,0.0,0.0,0.0,0.0,0.0338983050847,0.0,0.0,0.0,0.0,0.0,0.0,0.0,0.0,0.0,0.0,0.0,0.440677966102,0.0,0.0,0.0,0.0,0.169491525424,0.0,0.0,0.0,0.0508474576271,0.0,0.0,0.0,0.0169491525424,0.0,0.0,0.0169491525424,0.0,0.0,0.0,0.0,0.0,0.0,0.830508474576,0.0,0.0,0.0,0.0,0.762711864407,0.0338983050847,0.0,0.0,0.0,0.0,0.0,0.0,0.0338983050847,0.0169491525424,0.0,0.0,0.0,0.0,0.0169491525424,0.0,0.0,0.661016949153,0.0,0.0,0.0,0.0,0.0,0.0,0.0,0.0,0.0,0.0,0.0169491525424,0.0,0.0,0.0,0.0,0.0847457627119,0.0,0.0,0.0892857142857,0.0,0.0,0.966101694915,0.0,0.0,0.0,0.0,0.0,0.0,0.0,0.0,0.0,0.0,0.0,0.0,0.0,0.0,0.0,0.0,0.0,0.0,0.0,0.0508474576271,0.0,0.0,0.0,0.0,0.0,0.0,0.0,0.0,0.0,0.186440677966,0.0169491525424,0.0,0.0,0.0,0.0,0.830508474576,0.0,0.0169491525424,0.0,0.0,0.0,0.0,0.677966101695,0.0,0.0,0.0,0.0,0.0,0.0,0.0,0.0,0.0,0.0,0.0,0.0,0.118644067797,0.0,0.0,0.0,0.0,0.0,0.0,0.0,0.0338983050847,0.0,0.0,0.0,0.0,0.0,0.0169491525424,0.0169491525424,0.0,0.0,0.0,0.0,0.0,0.0,0.0,0.0,0.0,0.0,0.0,0.0,0.0,0.0,0.0,0.0,0.0,0.0169491525424,0.0508474576271,0.0,0.0,0.0,0.0,0.0,0.0677966101695,0.0169491525424,0.854545454545,0.0384615384615
W,0.0,0.0,0.0,0.0,0.0,0.0,0.0,0.0,0.0,0.0,0.0,0.0,0.0,0.0,0.0,0.0,0.0,1.0,0.0,1.0,0.0,0.0,0.0,0.0,0.0,0.0,0.0,0.0,0.0,0.0,0.0,0.0,0.0169491525424,0.0,0.0,0.0,0.0,0.0,0.0,0.0,0.0,0.0,0.0,0.0,0.0,0.0,0.0,0.0,0.0,0.0,0.0,0.0,0.0,0.0,0.0,0.0,0.0,0.0,0.0,0.0,0.0,0.0,0.0,0.0,0.0,0.0,0.0,0.0,0.0,0.0,0.0,0.0,0.0,0.0,0.0,0.0,0.0,0.0,0.0,0.0,0.0,0.0,0.0,0.0,0.0,0.0,0.0,0.0,0.0,0.0,0.0,0.0,0.0,0.0,0.0,0.0,0.0,0.0,0.0,0.0,0.0,0.0,0.0,0.0,0.0,0.0,0.0,0.0,0.0,0.0,0.0,0.0,0.0,0.0,0.0,0.0,0.0,0.0,0.0,0.0,0.0,0.0,0.0508474576271,0.0,0.0,0.0,0.0,0.0,0.0,0.0169491525424,0.949152542373,0.0,0.0,0.0,0.0,0.0,0.0,0.0,0.0,0.0,0.0,0.0,0.0,0.0,0.0,0.0,0.0,0.0,0.0,0.0,0.0,0.0,0.0,0.0,0.0,0.0,0.0,0.0,0.0,0.0,0.0,0.0,0.0,0.0,0.0,0.0,0.0,0.0,0.0,0.0,0.0,0.0,0.0,0.0,0.0,0.0,0.0,0.0,0.0,0.0,0.0,0.0,0.0,0.0,0.0,0.0,0.0169491525424,0.0,0.0,0.0,0.0,0.0,0.0,0.0,0.0,0.0,0.0,0.0,0.0,0.0,0.0,0.0,0.0,0.0,0.0,0.0,0.0,0.0,0.0,0.0,0.0,0.0,0.0,0.0,0.0,0.0,0.0,0.0,0.0,0.966101694915,0.0,0.0,0.0,0.0,0.0,0.0,0.0,0.0,0.0,0.0,0.0,0.0,0.0,0.0,0.0,0.0,0.0,0.0,0.0,0.0,0.0,0.0,0.0,0.0,0.0,0.0,0.0,0.0,0.0,0.0,0.0,0.0,0.0,0.0,0.0,0.0,0.0,0.0,0.0,0.0
H,0.0178571428571,0.0172413793103,0.0172413793103,0.0,0.0508474576271,0.983050847458,0.0,0.0,0.0,0.0,1.0,0.0,0.0,0.0,0.949152542373,0.0,0.0,0.0,0.0,0.0,0.0169491525424,0.0,0.0,0.0,0.0169491525424,0.0,0.0,0.0,0.0,0.0,0.0,0.932203389831,0.0169491525424,0.0,0.0,0.0,0.0,0.0,0.0169491525424,0.0,0.0,0.0,0.0,0.0,0.0338983050847,0.0,0.0,0.0,0.0,0.101694915254,0.0508474576271,0.0,0.542372881356,0.0,0.0,0.220338983051,0.0169491525424,0.0,0.0,0.0,0.0,0.0,0.0,0.0169491525424,0.0,0.0,0.0,0.0,0.0,0.0,0.0169491525424,0.0508474576271,0.0169491525424,0.0,0.0,0.0,0.0,0.0,0.0,1.0,0.0,0.0,0.0,0.0,0.0,0.0,0.0,0.0,0.0,0.0,0.0,0.0,0.0,0.0,0.0,0.0689655172414,0.0,0.0,0.0,0.0,0.0,0.0,0.0,0.0,0.0,0.0,0.0,0.0,0.0,0.0,0.0,0.0,0.966101694915,0.0338983050847,0.0,0.0,0.0169491525424,0.0,0.0,0.0169491525424,0.0,0.0,0.0,0.0,0.0,0.0,0.0,0.0,0.0,0.0,0.0,0.0,0.0,0.0,0.0169491525424,0.0,0.0,0.0,0.0,0.0,0.0,0.0212765957447,0.0,0.0,0.125,0.0,0.0,0.0,0.0,0.0508474576271,0.0,0.0,0.0169491525424,0.0,0.0,0.0,0.0,0.125,0.0169491525424,0.0,0.0,0.0338983050847,0.0169491525424,0.0,0.0,0.0338983050847,0.0,0.0,0.0,0.0,0.0,0.0,0.0,0.0,0.0,0.0,0.0,0.0,0.0,0.0,0.0,0.0,0.0,0.0847457627119,0.0169491525424,0.0,0.0169491525424,0.0,0.0,0.0,0.0,0.0,0.0,0.0,0.0169491525424,0.0,0.0,0.0,0.0,0.0,0.0,0.0,0.0,0.0,0.0,0.0,0.0,0.0169491525424,0.0,0.0,0.0,0.0,0.0,0.0,0.0,0.0,0.0,0.0,0.0847457627119,0.0,0.0,0.0,0.0,0.0,0.0169491525424,0.0,0.0,0.0169491525424,0.0677966101695,0.0,0.0,0.0,0.0,0.0169491525424,0.0,0.0,0.0,1.0,0.0,0.0,0.0,0.0,0.0,0.0,0.0,0.0169491525424,0.0,0.0,0.0,0.152542372881,0.0,0.0,0.0338983050847,0.0338983050847,0.0,0.0,0.203389830508,0.0338983050847,0.0545454545455,0.0
K,0.125,0.413793103448,0.0862068965517,0.206896551724,0.728813559322,0.0,0.0,0.0,0.0,0.0,0.0,0.0,0.0,0.0,0.0169491525424,0.0,0.0,0.0,0.0,0.0,0.0,1.0,0.0,0.932203389831,0.0169491525424,0.0508474576271,0.0,0.0338983050847,0.0,0.0169491525424,0.0,0.0,0.457627118644,0.0,0.0,0.0,0.0,0.0,0.0,0.0,0.0,0.0,0.0,0.0,0.0169491525424,0.0338983050847,0.542372881356,0.423728813559,0.0,0.0169491525424,0.0,0.0,0.0,0.0,0.0,0.0,0.0,0.0,0.0,0.0847457627119,0.0,0.0,0.0,0.0508474576271,0.0,0.0,0.0,0.0338983050847,0.0,0.0,0.0169491525424,0.0508474576271,0.0169491525424,0.881355932203,0.0,0.0,0.0,0.0,0.0,0.0,0.0,0.0,0.0,0.0,0.0,0.0,0.0,0.0,0.0,0.0,0.0,0.0,0.71186440678,0.0,0.0,0.0689655172414,0.932203389831,0.0,0.0508474576271,0.0,0.0,0.0,0.0,0.0,0.0,0.0,0.0,0.0,0.0,0.0,0.0,0.0169491525424,0.0,0.152542372881,0.0,0.0,0.0,0.0,0.0,0.0,0.237288135593,0.0,0.0169491525424,0.0677966101695,0.118644067797,0.0508474576271,0.0169491525424,0.0677966101695,0.0338983050847,0.0,0.0,0.0,0.0,0.0,0.101694915254,0.0,0.0508474576271,0.0169491525424,0.0169491525424,0.0,0.0344827586207,0.0,0.0851063829787,0.125,0.0,0.186440677966,0.0,0.0,0.0,0.0,0.0,0.0,0.0,0.593220338983,0.0,0.0,0.0,0.0892857142857,0.830508474576,0.0,0.0,0.0,0.0,0.0,0.0,0.0,0.0,0.0,0.0,0.0,0.0,0.0,0.559322033898,0.0,0.0,0.0169491525424,0.0169491525424,0.0338983050847,0.0,0.0,0.0,0.0,0.0172413793103,0.0338983050847,0.0,0.0,0.0,0.677966101695,0.0677966101695,0.64406779661,0.406779661017,0.0,0.0,0.28813559322,0.0,0.0508474576271,0.0,0.0,0.0,0.0,0.372881355932,0.135593220339,0.0,0.0,0.0,0.0,0.0,0.0338983050847,0.0847457627119,0.0,0.508474576271,0.0,0.0,0.0,0.203389830508,0.101694915254,0.0,0.0,0.0338983050847,0.0,0.0,0.0,0.101694915254,0.0,0.0,0.0,0.0,0.152542372881,0.0169491525424,0.0,0.28813559322,0.0677966101695,0.0,0.542372881356,0.0,0.0,0.0,0.0,0.0,0.0,0.0,0.0,0.0,0.677966101695,0.0,0.220338983051,0.135593220339,0.0,0.0,0.0169491525424,0.0,0.0,0.0,0.0677966101695,0.0,0.0,0.0169491525424,0.677966101695,0.0,0.0192307692308
R,0.0357142857143,0.0344827586207,0.051724137931,0.0689655172414,0.0508474576271,0.0,0.0,0.0,0.0,0.0,0.0,0.0,0.0,0.0,0.0,0.0,0.0,0.0,0.0,0.0,0.0,0.0,0.0,0.0,0.0,0.305084745763,0.0,0.0,0.0,0.0,0.0,0.0,0.406779661017,0.0,0.0,0.0,0.0,0.0,0.0,0.0,0.0,0.0,0.0,0.0,0.0,0.0677966101695,0.35593220339,0.0169491525424,0.0,0.0,0.0,0.0,0.220338983051,0.0,0.0,0.0508474576271,0.0,0.0,0.0,0.0338983050847,0.0,0.0,0.0,0.0169491525424,0.0,0.0,0.0,0.0,0.0,0.0,0.0169491525424,0.0,0.0,0.0847457627119,0.0,0.0,0.0,0.0,0.0,0.0,0.0,0.0,0.0,0.0,0.0,0.0,0.0,0.0,0.0,0.0,0.0,0.0,0.0677966101695,0.0,0.0,0.0172413793103,0.0169491525424,0.0,0.0,0.0,0.0,0.0,0.0,0.0,0.0,0.0,0.0,0.0,0.0,0.0,0.0,0.0169491525424,0.0,0.101694915254,0.0,0.0,0.0,0.0,0.0,0.0,0.0,0.0,0.0,0.0169491525424,0.677966101695,0.0169491525424,0.0,0.0,0.0,0.0,0.0169491525424,0.0,0.0,0.0,0.0677966101695,0.0169491525424,0.0,0.0,0.0,0.0,0.0344827586207,0.0212765957447,0.0,0.0208333333333,0.0,0.0,0.0169491525424,0.0,0.0,0.0169491525424,0.0,0.0,0.0,0.0338983050847,0.0,0.0,0.0,0.0,0.0677966101695,0.0,0.0,0.0,0.0,0.0,0.0,0.0,0.0,0.0,0.0508474576271,0.0,0.0,0.0,0.0169491525424,0.0,0.0,0.0,0.983050847458,0.0,0.0,0.0,0.0,0.0,0.051724137931,0.0,0.0,0.0,0.0169491525424,0.0169491525424,0.0,0.0,0.0,0.0,0.0,0.0169491525424,0.0,0.237288135593,0.0,0.0,0.0338983050847,0.0,0.0508474576271,0.796610169492,0.0,0.0,0.0,0.0344827586207,0.0,0.0169491525424,0.0169491525424,0.0,0.0169491525424,0.0,0.0,0.0508474576271,0.0169491525424,0.0,0.0,0.0,0.474576271186,0.0169491525424,0.0,0.0,0.0,0.0,0.0,0.0,0.0,0.0169491525424,0.0,0.0,0.0169491525424,0.0,0.0,0.0338983050847,0.0172413793103,0.0,0.0,0.0,0.0,0.0,0.0,0.0,0.0,0.0,0.0,0.118644067797,0.0,0.0,0.0169491525424,0.0,0.0169491525424,0.0,0.0338983050847,0.0169491525424,0.0,0.0,0.0,0.0338983050847,0.0,0.0
Q,0.0357142857143,0.0172413793103,0.258620689655,0.379310344828,0.0169491525424,0.0169491525424,0.0,0.0,0.0,0.0,0.0,0.0,0.0,0.0,0.0,0.0,0.0,0.0,0.0,0.0,0.0169491525424,0.0,0.0,0.0,0.0,0.0,0.0,0.0,0.0,0.0,0.0,0.0338983050847,0.0677966101695,0.0,0.0,0.0,0.0,0.0,0.0,0.0,0.0,0.0,0.0,0.0,0.0,0.0,0.0847457627119,0.0508474576271,0.0,0.338983050847,0.152542372881,0.0,0.0508474576271,0.0,0.0,0.0,0.0847457627119,0.0,0.0,0.169491525424,0.0,0.0,0.0,0.152542372881,0.0,0.0,0.0,0.0,0.0,0.0338983050847,0.203389830508,0.0338983050847,0.0508474576271,0.0,0.0,0.0,0.0,0.0,0.0,0.0,0.0,0.0169491525424,0.0,0.0,0.0,0.0,0.0,0.0,0.0,0.0,0.0,0.0,0.0508474576271,0.0,0.0,0.293103448276,0.0169491525424,0.0,0.0169491525424,0.0,0.0,0.0,0.0,0.0,0.0,0.0,0.0,0.0,0.0,0.0,0.0,0.101694915254,0.0,0.305084745763,0.0,0.0,0.0,0.0,0.0,0.0508474576271,0.627118644068,0.0338983050847,0.0,0.0677966101695,0.0169491525424,0.0,0.0338983050847,0.0,0.0,0.0,0.0,0.0,0.0,0.0,0.474576271186,0.0,0.0169491525424,0.101694915254,0.0,0.0172413793103,0.0,0.0,0.063829787234,0.208333333333,0.0208333333333,0.0169491525424,0.0,0.0,0.0,0.0,0.0,0.0,0.0169491525424,0.0847457627119,0.0,0.0,0.0338983050847,0.0178571428571,0.0169491525424,0.0,0.0,0.881355932203,0.0169491525424,0.0,0.0,0.0,0.0847457627119,0.0,0.0,0.0169491525424,0.0169491525424,0.0,0.0,0.0,0.0,0.0,0.0,0.0,0.0,0.0,0.0,0.0,0.0172413793103,0.0508474576271,0.0,0.0,0.0,0.0847457627119,0.152542372881,0.0,0.0338983050847,0.0,0.0,0.0,0.101694915254,0.0,0.0,0.0,0.0,0.0,0.0508474576271,0.0169491525424,0.0,0.0,0.0,0.0,0.0,0.0,0.0169491525424,0.0,0.0677966101695,0.0,0.0,0.0,0.0508474576271,0.0,0.0,0.983050847458,0.28813559322,0.0,0.220338983051,0.0,0.169491525424,0.0,0.0,0.0,0.0,0.0338983050847,0.0847457627119,0.0,0.0,0.0338983050847,0.0,0.0169491525424,0.0,0.0,0.0,0.0,0.0,0.0,0.0,0.0,0.0,0.0169491525424,0.0,0.542372881356,0.338983050847,0.0,0.0,0.118644067797,0.0,0.0,0.118644067797,0.220338983051,0.0,0.0,0.101694915254,0.0508474576271,0.0,0.0192307692308
N,0.0,0.0689655172414,0.0689655172414,0.051724137931,0.0169491525424,0.0,0.0,0.0,0.0,0.0,0.0,0.0,0.0,0.0,0.0,0.0,0.0,0.0,0.0169491525424,0.0,0.0,0.0,0.0,0.0,0.0,0.0,0.0,0.0,0.0,0.0169491525424,0.0,0.0169491525424,0.0169491525424,0.0,0.0,0.0,0.0,0.0677966101695,0.0,0.0,0.0,0.0,0.0,0.0,0.610169491525,0.0,0.0169491525424,0.0169491525424,0.0,0.0169491525424,0.0338983050847,0.0,0.0,0.0,0.0,0.0508474576271,0.0,0.0,0.0169491525424,0.0,0.0,0.0,0.0,0.0,0.0,0.0,0.0,0.0,0.0,0.0,0.0,0.338983050847,0.0,0.0,0.0,0.0,0.0,0.0,0.0,0.0,0.0,0.0,0.0,0.0,0.0,0.881355932203,0.0,0.0,0.0,0.0,0.0,0.0169491525424,0.0677966101695,0.0,0.0,0.0344827586207,0.0338983050847,0.0,0.0,0.0,0.0,0.0,0.0,0.0,0.0,0.0,0.0,0.0,0.0,0.0,0.0,0.0338983050847,0.0338983050847,0.0677966101695,0.0,0.0,0.0,0.0,0.0,0.0677966101695,0.0,0.0,0.440677966102,0.0338983050847,0.0169491525424,0.0169491525424,0.0169491525424,0.0169491525424,0.0508474576271,0.220338983051,0.0,0.0,0.0,0.0,0.0,0.0,0.0,0.0338983050847,0.0,0.0172413793103,0.224137931034,0.0212765957447,0.0425531914894,0.0416666666667,0.0625,0.0,0.0169491525424,0.0,0.0,0.0,0.0,0.0,0.0,0.152542372881,0.0,0.0,0.0,0.107142857143,0.0508474576271,0.0,0.0,0.0677966101695,0.0338983050847,0.0,0.0,0.0169491525424,0.0,0.0,0.0,0.0,0.0,0.0,0.0847457627119,0.0,0.0,0.0,0.0,0.0,0.0,0.0,0.0,0.0,0.0,0.0338983050847,0.0,0.0,0.0,0.0847457627119,0.0,0.0847457627119,0.237288135593,0.0,0.0,0.169491525424,0.0,0.0,0.0,0.0169491525424,0.0,0.0,0.0169491525424,0.0,0.0,0.0,0.0,0.0,0.0169491525424,0.118644067797,0.0,0.0,0.0,0.0,0.0,0.0,0.0,0.118644067797,0.0,0.0,0.0169491525424,0.0,0.0,0.0,0.0,0.898305084746,0.135593220339,0.0454545454545,0.0,0.237288135593,0.203389830508,0.0,0.0,0.0169491525424,0.0,0.0677966101695,0.0862068965517,0.0,0.0,0.0,0.0,0.0,0.0,0.0338983050847,0.0,0.0,0.0,0.0169491525424,0.0,0.0,0.0,0.101694915254,0.0169491525424,0.0,0.0169491525424,0.0169491525424,0.0,0.0,0.0847457627119,0.0677966101695,0.0,0.192307692308
E,0.0357142857143,0.0862068965517,0.258620689655,0.051724137931,0.0169491525424,0.0,0.0,0.0,0.0,0.0,0.0,0.0,0.0,0.0,0.0,0.0,0.0,0.0,0.0,0.0,0.0,0.0,0.0,0.0,0.0,0.0,0.0,0.966101694915,0.0169491525424,0.0169491525424,0.0,0.0,0.0,0.0,0.0,0.0,0.0,0.0,0.0,0.0169491525424,0.0,0.0,0.0,0.0,0.0,0.0,0.0,0.0,0.0,0.474576271186,0.254237288136,0.0,0.0508474576271,0.0,0.0,0.0508474576271,0.322033898305,0.0,0.0,0.389830508475,0.0,0.0,0.0,0.677966101695,0.0,0.0,0.271186440678,0.0169491525424,0.0,0.0,0.0169491525424,0.237288135593,0.898305084746,0.0169491525424,0.0,0.0,0.0,0.0,0.0,0.0,0.0,0.0,0.0,0.0169491525424,0.0,0.0,0.0,0.0,0.0,0.0,0.0,0.728813559322,0.0169491525424,0.0,0.0,0.448275862069,0.0,0.0,0.0169491525424,0.0,0.0,0.0,0.0,0.0,0.0,0.0,0.0,0.0,0.0,0.0,0.0,0.101694915254,0.0,0.0,0.0,0.0,0.0,0.0,0.0,0.372881355932,0.0847457627119,0.0169491525424,0.0169491525424,0.71186440678,0.0,0.0,0.0169491525424,0.0338983050847,0.457627118644,0.135593220339,0.0,0.0,0.0,0.0,0.305084745763,0.0,0.0847457627119,0.0,0.0,0.0172413793103,0.0172413793103,0.063829787234,0.595744680851,0.395833333333,0.0,0.0338983050847,0.0169491525424,0.0,0.0,0.0,0.0,0.0,0.0,0.0677966101695,0.0,0.0,0.0,0.0357142857143,0.0,0.0,0.0,0.0169491525424,0.0,0.0,0.0,0.0,0.915254237288,0.0169491525424,0.0,0.661016949153,0.0,0.0,0.0,0.0,0.0,0.0,0.0,0.0,0.0,0.0,0.0,0.0,0.0,0.677966101695,0.0338983050847,0.0,0.0,0.0169491525424,0.0677966101695,0.0,0.0,0.0,0.0,0.118644067797,0.728813559322,0.0,0.0,0.0,0.0,0.0,0.0338983050847,0.0,0.0,0.0,0.0,0.0,0.0,0.0677966101695,0.847457627119,0.0,0.0677966101695,0.0,0.0,0.0169491525424,0.254237288136,0.677966101695,0.0,0.0,0.0169491525424,0.0,0.0,0.0,0.322033898305,0.0,0.0,0.0454545454545,0.0,0.0677966101695,0.322033898305,0.0,0.0169491525424,0.830508474576,0.0,0.203389830508,0.0172413793103,0.0,0.0,0.0,0.0,0.0,0.0,0.0,0.0,0.0508474576271,0.0,0.0508474576271,0.525423728814,0.0,0.0,0.0169491525424,0.0,0.0,0.0169491525424,0.542372881356,0.0,0.0,0.0,0.0,0.0363636363636,0.0384615384615
D,0.0357142857143,0.051724137931,0.0689655172414,0.0,0.0,0.0,0.0,0.0,0.0,0.0,0.0,0.0,0.0,0.0,0.0,0.0,0.0,0.0,0.0,0.0,0.0,0.0,0.0,0.0,0.0,0.0,0.0,0.0,0.0,0.0,0.0,0.0,0.0,0.0,0.0,0.0,0.0,0.932203389831,0.0,0.0,0.0,0.0,0.0,0.0,0.338983050847,0.0,0.0,0.0,0.0,0.0338983050847,0.457627118644,0.0,0.0677966101695,0.0,0.0,0.0338983050847,0.542372881356,0.0,0.0,0.0169491525424,0.0,0.0,0.0,0.0847457627119,0.0,0.0,0.0677966101695,0.0,0.0,0.0,0.0677966101695,0.186440677966,0.0169491525424,0.0,0.0,0.0,0.0,0.0,0.0,0.0,0.0,0.0,0.0,0.0,0.0,0.0,0.0,0.0,0.0,0.0,0.0,0.254237288136,0.0,0.0,0.0,0.051724137931,0.0,0.0,0.0,0.0,0.0169491525424,0.0,0.0,0.0,0.0,0.0,0.0,0.0,0.0,0.983050847458,0.0,0.0169491525424,0.0,0.0169491525424,0.0,0.0,0.0,0.0,0.0,0.440677966102,0.0,0.0,0.0,0.0,0.0,0.0,0.0,0.0169491525424,0.220338983051,0.0508474576271,0.0,0.0,1.0,0.0,0.0,0.0,0.0,0.0,0.0,0.0344827586207,0.0172413793103,0.0212765957447,0.0425531914894,0.125,0.0208333333333,0.0,0.0,0.0,0.0,0.0,0.0,0.0338983050847,0.0,0.0169491525424,0.0338983050847,0.0,0.0,0.0714285714286,0.0,0.0,0.0,0.0,0.0,0.0,0.0,0.0169491525424,0.0,0.983050847458,0.0,0.0,0.0,0.0,0.0,0.0,0.0,0.0,0.0,0.0,0.0,0.0,0.0,0.0,0.0,0.0169491525424,0.949152542373,0.0,0.0,0.0,0.0,0.0677966101695,0.0,0.0,0.0,0.305084745763,0.0508474576271,0.0,0.0,0.0,0.0,0.0,0.0,0.0,0.0,0.0,0.0,0.0,0.0,0.186440677966,0.0338983050847,1.0,0.0,0.0,0.0,0.0,0.0,0.101694915254,0.0,0.0,0.0,0.0,0.0,0.0,0.237288135593,0.0,0.0,0.0,0.0,0.101694915254,0.254237288136,0.0,0.0,0.0,0.0,0.0169491525424,0.155172413793,0.0,1.0,0.0,0.0,0.0,0.0,0.0,0.0,0.0338983050847,0.0,0.0,0.0,0.0,0.0,0.423728813559,0.0,0.0,0.0,0.0847457627119,0.0,0.0169491525424,0.0847457627119,0.0508474576271,0.0181818181818,0.0384615384615
S,0.0357142857143,0.0862068965517,0.0172413793103,0.0,0.0,0.0,0.0,0.0,0.0,0.0,0.0,0.0,0.0169491525424,0.0,0.0,0.0,0.0677966101695,0.0,0.305084745763,0.0,0.0,0.0,0.0,0.0,0.0,0.0,0.0,0.0,0.576271186441,0.118644067797,0.0169491525424,0.0,0.0,0.0,0.0677966101695,0.0508474576271,0.0,0.0,0.0,0.101694915254,0.0,0.966101694915,0.0,0.0,0.0,0.0338983050847,0.0,0.169491525424,0.0,0.0,0.0338983050847,0.0,0.0,0.254237288136,0.0,0.237288135593,0.0,0.0,0.576271186441,0.0,0.0,0.0,0.0,0.0,0.0,0.0,0.0338983050847,0.627118644068,0.0,0.0338983050847,0.118644067797,0.0,0.0,0.0169491525424,0.0,0.0,0.0,0.0,0.0,0.0,1.0,0.0,0.0,0.0,0.0,0.118644067797,0.0,0.0508474576271,0.0,0.0,0.0,0.0,0.0,0.0,0.0677966101695,0.0,0.0,0.0,0.389830508475,0.0,0.0338983050847,0.0,0.0,0.0,0.0847457627119,0.0,0.0,0.0,0.0,0.0,0.28813559322,0.0,0.0,0.0847457627119,0.186440677966,0.966101694915,0.0,0.0,0.0,0.0169491525424,0.0,0.0338983050847,0.0169491525424,0.0,0.0847457627119,0.0169491525424,0.0677966101695,0.203389830508,0.0677966101695,0.0338983050847,0.0,0.0,0.0,0.0508474576271,0.0,0.0,0.152542372881,0.254237288136,0.101694915254,0.120689655172,0.448275862069,0.148936170213,0.0,0.0,0.104166666667,0.101694915254,0.0338983050847,0.745762711864,0.0,0.0169491525424,0.0,0.0,0.0,0.0,0.0,0.0169491525424,0.576271186441,0.321428571429,0.0,0.0,0.0,0.0,0.0,0.542372881356,0.457627118644,0.0,0.0,0.0,0.0,0.0,0.0,0.0169491525424,0.118644067797,0.338983050847,0.0,0.0,0.0,0.0,0.661016949153,0.932203389831,0.0169491525424,0.0,0.0,0.0508474576271,0.0,0.0,0.796610169492,0.0338983050847,0.0169491525424,0.101694915254,0.0508474576271,0.0,0.661016949153,0.0338983050847,0.0508474576271,0.0169491525424,0.0,0.0,0.932203389831,0.0,0.0169491525424,0.0169491525424,0.0169491525424,0.0,0.0,0.0,0.0,0.0677966101695,0.0,0.0,0.0,0.0169491525424,0.0169491525424,0.0508474576271,0.0,0.0,0.0,0.0,0.0,0.0,0.0,0.0,0.0169491525424,0.0169491525424,0.203389830508,0.0454545454545,0.0,0.0677966101695,0.0,0.0,0.0,0.0,0.0,0.0508474576271,0.0172413793103,0.101694915254,0.0,0.0,0.0,0.0338983050847,0.0,0.0,0.661016949153,0.0,0.0,0.0169491525424,0.0,0.0,0.152542372881,0.0,0.406779661017,0.0,0.101694915254,0.0,0.0,0.0169491525424,0.0508474576271,0.0169491525424,0.0,0.0192307692308
T,0.0535714285714,0.0,0.0344827586207,0.0,0.0169491525424,0.0,0.0169491525424,0.0,0.0,0.0,0.0,0.0,0.0338983050847,0.0,0.0,0.0,0.0,0.0,0.0169491525424,0.0,0.0,0.0,0.0,0.0,0.0338983050847,0.0,0.0,0.0,0.0,0.0,0.0,0.0,0.0,0.0,0.932203389831,0.0677966101695,0.0,0.0,0.0,0.0338983050847,0.0,0.0,0.0,0.152542372881,0.0,0.135593220339,0.0,0.0,0.0,0.0,0.0,0.0,0.0338983050847,0.745762711864,0.0,0.0169491525424,0.0,0.0,0.406779661017,0.0,0.0,0.0,0.0172413793103,0.0,0.0169491525424,0.0,0.0,0.203389830508,0.0,0.0169491525424,0.0,0.0,0.0,0.0,0.0,0.0,0.0,0.0,0.0,0.0,0.0,0.0,0.0,0.0,0.0,0.0,0.0,0.0,0.0,0.0169491525424,0.0172413793103,0.0,0.0169491525424,0.0,0.0,0.0172413793103,0.0,0.0,0.0338983050847,0.0,0.0169491525424,0.0,0.0,0.0,0.525423728814,0.0,0.0,0.0344827586207,0.0,0.0,0.542372881356,0.152542372881,0.0,0.0338983050847,0.0,0.0338983050847,0.0,0.0,0.0,0.0169491525424,0.0169491525424,0.0,0.0169491525424,0.0169491525424,0.0508474576271,0.694915254237,0.0,0.0847457627119,0.0,0.0169491525424,0.0,0.0,0.0,0.881355932203,0.0,0.0,0.0508474576271,0.0169491525424,0.0169491525424,0.0,0.172413793103,0.0212765957447,0.0,0.0,0.0208333333333,0.0338983050847,0.796610169492,0.118644067797,0.0172413793103,0.0338983050847,0.0,0.0,0.0169491525424,0.0,0.0,0.0169491525424,0.0677966101695,0.0892857142857,0.0,0.0,0.0,0.0,0.0,0.0508474576271,0.0,0.101694915254,0.0,0.0,0.0,0.0,0.0,0.0,0.0,0.372881355932,0.0,0.0847457627119,0.0,0.0847457627119,0.0,0.0169491525424,0.0,0.0,0.0344827586207,0.0,0.0,0.0,0.0338983050847,0.0508474576271,0.0677966101695,0.0508474576271,0.0,0.0,0.338983050847,0.0677966101695,0.0169491525424,0.0,0.0,0.0,0.0,0.0169491525424,0.169491525424,0.0,0.0,0.0,0.0,0.0,0.0,0.389830508475,0.0,0.0,0.0,0.0169491525424,0.0169491525424,0.118644067797,0.0169491525424,0.0,0.0,0.0,0.0,0.0,0.0,0.0169491525424,0.0169491525424,0.0677966101695,0.0169491525424,0.0,0.0508474576271,0.169491525424,0.0169491525424,0.0169491525424,0.0,0.0,0.0,0.0,0.0,0.0169491525424,0.0,0.0,0.0,0.0,0.0,0.0,0.0,0.0338983050847,0.0169491525424,0.0169491525424,0.0,0.0,0.0,0.0,0.135593220339,0.0169491525424,0.0,0.0,0.0,0.0169491525424,0.135593220339,0.0169491525424,0.0,0.0576923076923
-,0.0666666666667,0.0333333333333,0.0333333333333,0.0333333333333,0.0166666666667,0.0166666666667,0.0166666666667,0.0166666666667,0.0166666666667,0.0166666666667,0.0166666666667,0.0166666666667,0.0166666666667,0.0166666666667,0.0166666666667,0.0166666666667,0.0166666666667,0.0166666666667,0.0166666666667,0.0166666666667,0.0166666666667,0.0166666666667,0.0166666666667,0.0166666666667,0.0166666666667,0.0166666666667,0.0166666666667,0.0166666666667,0.0166666666667,0.0166666666667,0.0166666666667,0.0166666666667,0.0166666666667,0.0166666666667,0.0166666666667,0.0166666666667,0.0166666666667,0.0166666666667,0.0166666666667,0.0166666666667,0.0166666666667,0.0166666666667,0.0166666666667,0.0166666666667,0.0166666666667,0.0166666666667,0.0166666666667,0.0166666666667,0.0166666666667,0.0166666666667,0.0166666666667,0.0166666666667,0.0166666666667,0.0166666666667,0.0166666666667,0.0166666666667,0.0166666666667,0.0166666666667,0.0166666666667,0.0166666666667,0.0166666666667,0.0166666666667,0.0166666666667,0.0166666666667,0.0166666666667,0.0166666666667,0.0166666666667,0.0166666666667,0.0166666666667,0.0166666666667,0.0166666666667,0.0166666666667,0.0166666666667,0.0166666666667,0.0166666666667,0.0166666666667,0.0166666666667,0.0166666666667,0.0166666666667,0.0166666666667,0.0166666666667,0.0166666666667,0.0166666666667,0.0166666666667,0.0166666666667,0.0166666666667,0.0166666666667,0.0166666666667,0.0166666666667,0.0166666666667,0.0166666666667,0.0166666666667,0.0166666666667,0.0166666666667,0.0166666666667,0.0166666666667,0.0166666666667,0.0166666666667,0.0166666666667,0.0166666666667,0.0166666666667,0.0166666666667,0.0166666666667,0.0166666666667,0.0166666666667,0.0166666666667,0.0166666666667,0.0166666666667,0.0166666666667,0.0166666666667,0.0166666666667,0.0166666666667,0.0166666666667,0.0166666666667,0.0166666666667,0.0166666666667,0.0166666666667,0.0166666666667,0.0166666666667,0.0166666666667,0.0166666666667,0.0166666666667,0.0166666666667,0.0166666666667,0.0166666666667,0.0166666666667,0.0166666666667,0.0166666666667,0.0166666666667,0.0166666666667,0.0166666666667,0.0166666666667,0.0166666666667,0.0166666666667,0.0166666666667,0.0166666666667,0.0166666666667,0.0166666666667,0.0166666666667,0.0333333333333,0.0333333333333,0.216666666667,0.216666666667,0.2,0.2,0.0166666666667,0.0166666666667,0.0166666666667,0.0166666666667,0.0166666666667,0.0166666666667,0.0166666666667,0.0166666666667,0.0166666666667,0.0166666666667,0.0166666666667,0.0166666666667,0.0666666666667,0.0166666666667,0.0166666666667,0.0166666666667,0.0166666666667,0.0166666666667,0.0166666666667,0.0166666666667,0.0166666666667,0.0166666666667,0.0166666666667,0.0166666666667,0.0166666666667,0.0166666666667,0.0166666666667,0.0166666666667,0.0166666666667,0.0166666666667,0.0166666666667,0.0166666666667,0.0166666666667,0.0166666666667,0.0166666666667,0.0166666666667,0.0166666666667,0.0166666666667,0.0166666666667,0.0166666666667,0.0166666666667,0.0166666666667,0.0166666666667,0.0166666666667,0.0166666666667,0.0166666666667,0.0166666666667,0.0166666666667,0.0166666666667,0.0166666666667,0.0166666666667,0.0166666666667,0.0166666666667,0.0166666666667,0.0166666666667,0.0166666666667,0.0166666666667,0.0166666666667,0.0166666666667,0.0166666666667,0.0166666666667,0.0166666666667,0.0166666666667,0.0166666666667,0.0166666666667,0.0166666666667,0.0166666666667,0.0166666666667,0.0166666666667,0.0166666666667,0.0166666666667,0.0166666666667,0.0166666666667,0.0166666666667,0.0166666666667,0.0166666666667,0.0166666666667,0.0166666666667,0.0166666666667,0.0166666666667,0.633333333333,0.0166666666667,0.0166666666667,0.0166666666667,0.0166666666667,0.0166666666667,0.0166666666667,0.0166666666667,0.0166666666667,0.0333333333333,0.0166666666667,0.0166666666667,0.0166666666667,0.0166666666667,0.0166666666667,0.0166666666667,0.0166666666667,0.0166666666667,0.0166666666667,0.0166666666667,0.0166666666667,0.0166666666667,0.0166666666667,0.0166666666667,0.0166666666667,0.0166666666667,0.0166666666667,0.0166666666667,0.0166666666667,0.0166666666667,0.0166666666667,0.0166666666667,0.0166666666667,0.0833333333333,0.133333333333
other,0.0,0.0,0.0,0.0,0.0,0.0,0.0,0.0,0.0,0.0,0.0,0.0,0.0,0.0,0.0,0.0,0.0,0.0,0.0,0.0,0.0,0.0,0.0,0.0,0.0,0.0,0.0,0.0,0.0,0.0,0.0,0.0,0.0,0.0,0.0,0.0,0.0,0.0,0.0,0.0,0.0,0.0,0.0,0.0,0.0,0.0,0.0,0.0,0.0,0.0,0.0,0.0,0.0,0.0,0.0,0.0,0.0,0.0,0.0,0.0,0.0,0.0,0.0166666666667,0.0,0.0,0.0166666666667,0.0,0.0,0.0,0.0,0.0,0.0,0.0,0.0,0.0,0.0,0.0,0.0,0.0,0.0,0.0,0.0,0.0,0.0,0.0166666666667,0.0,0.0,0.0,0.0,0.0,0.0166666666667,0.0,0.0,0.0,0.0,0.0166666666667,0.0,0.0,0.0,0.0,0.0,0.0,0.0,0.0,0.0,0.0,0.0,0.0166666666667,0.0,0.0,0.0,0.0,0.0,0.0,0.0,0.0,0.0,0.0,0.0,0.0,0.0,0.0,0.0,0.0,0.0,0.0,0.0,0.0,0.0,0.0,0.0,0.0,0.0,0.0,0.0,0.0,0.0,0.0,0.0,0.0,0.0,0.0,0.0,0.0,0.0,0.0,0.0,0.0,0.0166666666667,0.0,0.0,0.0,0.0,0.0,0.0,0.0,0.0,0.0,0.0,0.0,0.0,0.0,0.0,0.0,0.0,0.0,0.0,0.0,0.0,0.0,0.0,0.0,0.0,0.0,0.0,0.0,0.0,0.0,0.0,0.0,0.0,0.0,0.0166666666667,0.0,0.0,0.0,0.0,0.0,0.0,0.0,0.0,0.0,0.0,0.0,0.0,0.0,0.0,0.0,0.0,0.0,0.0,0.0,0.0,0.0,0.0,0.0166666666667,0.0,0.0,0.0,0.0,0.0,0.0,0.0,0.0,0.0,0.0,0.0,0.0,0.0,0.0,0.0,0.0,0.0,0.0,0.0,0.0,0.0,0.0,0.0,0.0,0.0,0.0,0.0,0.0,0.0,0.0,0.0,0.0,0.0166666666667,0.0,0.0166666666667,0.0,0.0,0.0,0.0,0.0,0.0,0.0,0.0,0.0,0.0,0.0,0.0,0.0,0.0,0.0,0.0,0.0,0.0,0.0
