G,0,0,1,0,0,0,0,8,0,0,17,46,0,0,3,0,0,2,1,6,7,40,10,0,1,2,2,0,0,1,10,11,0,0,17,2,22,10,44,0,12,1,2,14,4,2,1,7,13,10,3,3,0,0,0,0,0,0,5,0,85,6,0,0,0,0,25,1,10,54,5,0,0,6,6,12,32,12,20,2,0,1,0,13,4,2,2,33,0,5,3,0,0,1,0,2,12,1,29,1,1,5,15,3,1,19,0,2,0,2,4,7,15,16,55,4,6,1,25,3,8,13,19,3,10,8,0,0,0,0,0,1,10,21,2,33,7,16,21,8,20,16,6,1,3,1,2,0,1,6,104,1,1,2,0,0,2,0,19,3,35,0,2,190,3,1,11,14,1,155,27,28,7,19,144,2,0,2,274,0,0,0,16,0,1,0,25,9,6,10,3,68,0,270,265,19,2,2,0,273,3,0,0,18,4,22,244,0,4,0,2,1,15,13,1,2,6,3,1,106,9,38,255,2,65,38,3,13,29,7,11,0,20,49,145,27,104,18,94,35,9,8,2,12,274,2,2,6,1,10,33,1,0,1,2,8,1,1,2,0,1,44,3,1,1,23,14,0,0,0,1,0,0,200,305,0,0,0,0,0,0,0,9,0,7,4,76,10,0,2,10,4,6,7,12,9,8,12,17,4,0,0,2,16,10,37,3,1,4,0,3,1,5,3,1,1,0,9,4,0,0,6,0,0,3,0,0,0,9,0,1,260,262,0,262,2,267,0,0,6,0,0,6,4,1,15,0,1,0,1,0,0,21,6,290,1,0,0,0,0,0,272,0,0,1,3,0,0,8,205,1,65,9,2,2,12,0,14,0,18,1,0,0,2,150,0,1,0,0,0,37,0,298,0,0,16,0,0,0,0,0,1,1,0,1,14,0,141,296,5,21,35,1,24,20,4,3,5,11,202,8,1,1,26,8,242,6,2,9,0,1,5,4,2,22,120,27,15,22,22,30,6,3,16,31,18,6,26,7,1,19,7,3,2,8,0,14,40,3,10,21,24,4,17,10,3,0,9,4,18,2,15,15,29,2,0,4,1,1,281,0,0,14,0,303,2,0,0,0,4,128,0,0,0,0,170,0,0,0,1,1,6,0,0,22,2,3,19,0,65,4,0,0,9,0,0,7,9,13,74,0,3,205,0,5,23,6,54,44,1,35,38,3,9,0,5,10,4,1,7,21,0,1,9,2,0,0,31,3,290,297,0,0,59,17,11,47,72,72,28,7,55,4,22,88,3,0,5,3,7,24,6,4,0,23,1,17,32,26,70,27,230,1,246,0,270,1,0,3,12,298,0,178,89,5,33,91,3,1,124,85,21,1,7,12,8,2,4,0,0,5,1,29,1,28,104,11,0,3,15,0,1,19,1,263,15,1,21,0,6,0,0,21,0,299,17,3,1,0,296,0,0,4,2,0,0,1,1,2,6,4,0,164,187,12,22,1,0,6,13,0,0,15,177,0,1,16,0,0,13,1,0,45,13,1,1,5,0,0,0,0,0,0,0,0,0
P,0,0,0,0,3,0,0,0,0,0,0,0,0,0,0,0,0,2,21,2,2,2,1,0,0,1,1,0,1,0,1,0,1,0,5,0,1,1,0,2,0,0,1,0,2,3,3,1,0,0,0,35,0,0,0,0,41,0,0,1,0,0,0,0,0,0,0,12,0,0,1,9,9,0,0,0,5,15,2,0,1,1,2,0,6,0,47,0,28,1,0,0,0,0,1,0,7,2,7,1,2,0,1,4,0,0,0,0,0,0,3,8,0,2,3,0,2,0,0,0,1,4,0,0,0,0,2,0,0,0,1,0,0,2,47,2,5,6,14,8,14,1,15,0,0,6,0,56,0,6,2,0,10,38,4,212,1,3,8,2,0,0,0,2,9,149,2,12,3,3,3,0,57,3,2,59,0,1,0,0,0,0,13,0,0,1,10,0,0,2,9,0,0,0,0,0,2,0,0,0,4,175,0,3,100,4,0,5,30,0,1,1,17,1,0,138,7,0,1,2,159,2,0,1,25,3,6,3,0,0,0,0,1,1,12,6,90,15,23,26,0,2,117,0,0,0,277,1,0,26,0,0,300,1,38,0,0,1,0,0,1,0,0,1,0,0,0,0,0,0,0,0,0,0,0,0,0,0,0,0,0,1,1,0,0,0,4,2,0,0,1,0,15,84,5,5,2,98,7,2,0,3,24,15,20,38,3,0,4,0,4,2,0,0,0,0,0,0,0,0,0,0,0,0,0,0,0,0,0,0,0,0,0,218,0,2,2,0,0,0,0,0,0,0,200,0,0,0,0,0,0,0,0,0,0,0,0,0,0,0,4,0,0,0,0,1,0,156,0,6,2,1,2,6,0,4,3,2,13,1,3,1,3,1,0,0,0,0,0,0,0,0,0,0,0,0,0,0,128,0,0,0,0,0,0,2,0,0,3,2,0,34,0,15,23,1,0,0,1,0,0,0,0,2,0,0,1,19,1,0,8,0,36,0,66,22,99,10,12,4,86,9,21,4,8,3,10,16,5,1,6,0,8,32,4,43,4,14,5,24,19,2,4,4,22,5,210,10,0,104,51,7,8,82,1,0,0,13,0,1,0,2,41,0,0,1,0,0,0,0,0,0,0,0,0,0,0,1,0,0,29,0,0,0,5,3,1,0,0,0,0,0,0,0,0,0,0,9,16,4,3,230,3,0,0,0,2,0,0,1,0,0,2,0,6,20,1,4,24,63,7,0,1,40,0,0,0,0,0,0,0,0,0,0,86,0,11,3,20,8,7,7,3,17,1,1,0,0,0,0,0,3,1,16,19,3,41,15,22,9,11,23,0,11,0,0,9,0,0,0,0,0,0,33,0,144,33,255,20,19,8,26,0,2,9,149,3,4,0,259,0,3,6,12,10,21,6,3,0,1,5,18,0,19,4,7,0,3,0,3,0,0,0,0,0,0,3,0,1,0,0,0,233,0,0,0,0,0,0,0,0,0,8,6,36,8,0,0,0,28,0,0,0,0,13,0,0,0,0,0,0,0,0,0,0,0,0,0,1,1,0,1,0,0,0,0
A,0,0,0,0,9,0,2,21,0,58,0,1,0,2,37,1,4,12,9,9,3,1,5,0,3,7,7,4,4,0,2,0,3,3,2,4,0,7,5,2,12,24,8,27,17,4,24,31,7,70,14,12,0,0,6,0,56,25,24,1,2,1,0,1,0,1,9,15,2,3,17,1,4,39,32,7,4,12,21,3,1,2,12,2,25,16,31,1,11,25,61,1,0,2,9,8,14,13,11,3,1,4,0,1,0,9,0,8,3,12,21,16,29,5,5,4,7,2,18,22,9,9,7,0,0,0,1,0,1,0,0,3,7,8,9,12,22,19,14,22,42,22,20,4,18,1,17,29,31,8,15,18,66,42,17,5,3,83,13,3,8,70,7,0,34,6,19,36,0,9,14,11,76,23,18,8,7,2,0,2,59,0,147,0,35,0,0,12,128,11,5,90,10,3,0,15,29,0,10,0,29,37,3,16,17,38,0,31,96,23,250,0,30,3,0,41,13,8,0,13,12,12,3,33,12,163,7,2,8,25,16,3,14,16,2,4,21,9,31,6,5,13,4,14,0,5,2,2,0,34,4,4,0,132,7,3,6,4,28,1,0,37,37,0,0,74,1,0,1,2,254,0,5,56,0,0,0,4,3,0,25,0,50,2,42,0,18,19,1,11,18,32,8,9,11,6,6,2,10,5,2,5,4,3,16,10,3,3,2,1,39,69,23,6,25,1,167,25,25,45,2,42,0,13,95,0,0,0,174,0,29,0,1,18,4,5,1,0,10,0,0,71,4,0,32,146,6,271,0,30,7,36,107,47,0,0,0,304,2,0,4,9,8,0,35,9,11,6,1,1,3,5,3,3,3,15,1,3,19,135,7,3,4,79,6,2,7,7,6,9,94,8,0,3,4,9,7,1,3,7,0,4,9,0,0,233,0,29,5,63,85,2,1,16,56,110,1,4,72,57,1,7,10,17,3,7,5,0,1,14,45,6,17,7,28,30,40,29,13,12,9,7,33,2,8,1,8,4,11,3,7,28,15,16,11,4,2,9,13,45,7,10,3,23,44,28,15,19,10,37,20,8,31,74,5,3,0,41,8,1,0,1,43,5,0,32,23,124,2,7,51,6,22,32,3,0,0,2,0,0,2,28,0,10,5,37,16,161,139,20,44,93,0,27,0,77,18,91,31,18,0,8,5,15,17,7,2,4,13,5,19,4,11,15,7,1,4,3,0,26,31,24,27,11,5,1,24,63,27,0,0,3,33,131,12,0,82,24,23,64,11,30,7,23,11,3,10,25,13,63,66,38,57,25,110,11,19,13,7,3,13,23,15,35,2,22,66,0,22,1,0,2,62,54,3,71,84,17,1,18,77,72,22,11,13,26,1,1,0,4,0,12,26,36,13,6,18,3,3,9,3,7,1,31,9,2,1,9,1,4,1,4,8,4,0,48,271,0,9,0,3,2,56,2,0,2,53,6,9,3,10,19,93,15,30,41,39,5,22,30,0,41,13,9,269,1,138,0,8,10,2,1,12,67,134,6,65,2,1,0,0,0,0,0,0,0
V,0,0,0,0,0,20,0,0,3,2,0,2,0,4,6,4,0,1,8,2,0,1,0,1,32,18,2,1,1,1,1,0,0,8,0,1,0,8,1,2,2,7,3,5,5,1,15,1,2,2,2,0,1,0,1,0,0,0,1,0,0,2,0,3,2,1,0,2,0,0,2,5,12,6,5,1,10,5,1,7,9,1,0,0,1,3,1,2,0,1,3,15,0,2,43,1,4,10,3,3,0,2,2,1,0,2,1,7,6,20,3,8,12,1,1,1,3,10,5,24,2,0,3,0,0,0,0,2,2,3,0,3,4,3,4,2,6,6,1,0,0,3,3,14,6,4,33,3,1,2,3,0,3,0,11,0,0,23,0,64,0,123,12,14,7,9,1,2,1,1,30,2,16,0,0,0,199,22,0,3,142,0,15,0,40,0,18,0,1,0,6,0,1,0,0,8,61,22,3,0,0,21,4,2,3,4,0,123,2,31,0,4,29,0,0,2,17,8,1,0,4,0,0,14,2,0,46,21,0,8,57,15,8,0,3,1,8,11,4,4,0,0,13,87,0,0,0,0,0,12,0,2,0,1,1,1,5,8,4,0,2,5,19,0,9,2,0,86,0,0,0,6,0,0,0,5,0,127,30,226,37,3,10,267,0,0,0,127,2,1,3,76,3,5,9,14,4,4,7,1,3,4,2,5,1,3,1,0,3,3,10,16,94,4,17,0,21,3,1,16,5,1,3,12,0,0,86,0,4,1,0,0,0,2,1,0,0,0,12,0,36,234,0,0,0,4,0,24,0,0,218,44,0,0,0,0,2,1,271,188,6,0,150,0,67,0,19,22,2,0,1,1,28,37,12,2,0,0,5,0,0,35,14,0,0,13,0,2,51,2,1,1,0,267,0,7,35,7,25,106,0,1,7,0,0,1,0,1,0,141,6,16,0,0,55,54,99,1,88,6,0,14,12,1,0,0,0,6,9,3,34,4,5,0,0,12,6,8,3,6,1,13,24,9,3,2,3,4,2,4,1,4,14,3,16,3,2,18,11,7,1,4,16,1,23,84,4,56,1,0,0,3,3,3,11,2,0,66,3,1,7,0,0,3,0,17,5,6,125,0,1,1,17,0,0,0,3,32,76,0,69,0,0,0,0,146,2,2,34,2,2,75,3,3,21,24,6,1,4,3,2,3,30,174,60,2,10,4,0,4,2,0,19,1,0,0,1,0,5,1,2,18,32,3,3,84,4,0,16,0,0,28,110,0,6,0,5,1,1,11,5,8,8,16,0,0,62,2,2,6,3,5,9,17,1,2,17,0,0,13,105,1,41,0,12,0,1,0,41,0,0,58,4,3,0,9,2,0,10,1,3,8,2,5,4,5,161,18,1,0,1,12,1,57,4,4,100,86,59,0,2,0,73,12,1,2,3,81,1,0,50,0,50,7,0,121,6,0,35,0,0,82,0,0,5,70,1,0,40,8,18,90,0,22,6,3,80,126,0,2,20,5,0,0,0,0,10,0,20,8,10,0,0,0,17,1,1,0,4,0,0,0,0,0,0,0
L,0,0,0,0,0,0,0,0,45,0,0,0,0,0,1,33,0,1,4,1,0,0,1,3,17,3,5,1,1,0,0,0,1,0,0,0,1,9,0,2,3,4,4,1,0,0,8,0,0,0,1,2,6,1,29,0,0,0,1,86,0,0,0,60,61,1,0,2,1,0,0,20,53,3,1,1,14,9,1,5,4,1,2,1,1,1,3,3,0,8,1,0,1,0,25,4,6,6,0,1,0,0,0,0,4,5,1,0,47,0,11,3,3,16,0,20,14,69,1,5,2,1,4,0,0,0,12,1,3,1,1,42,21,4,25,10,17,7,0,2,2,1,5,13,4,79,2,13,1,0,0,0,2,0,0,0,0,7,0,42,0,2,0,4,5,1,10,0,26,0,7,8,2,2,4,0,33,10,0,31,18,0,25,0,5,0,98,7,0,0,35,0,49,0,0,4,107,27,0,0,1,0,0,0,0,31,0,2,0,1,0,249,1,0,0,3,3,11,0,2,2,17,0,28,94,2,119,73,2,11,52,74,1,3,3,15,4,31,6,6,0,6,0,0,5,0,0,2,9,1,0,0,1,0,0,1,0,172,24,0,0,0,3,0,3,1,0,111,0,0,1,1,46,0,0,140,0,81,129,0,0,81,201,0,0,2,0,22,214,1,4,92,35,5,8,13,7,7,57,1,12,0,2,6,8,1,5,0,0,3,2,3,21,4,158,0,35,4,35,64,10,0,119,0,1,3,5,0,0,6,0,0,0,0,0,7,0,0,20,0,30,0,33,0,0,1,0,7,0,1,7,0,1,0,0,0,251,0,7,16,230,0,7,0,9,0,0,93,20,0,2,3,23,5,1,13,5,0,6,0,2,6,14,0,4,265,0,4,161,1,0,203,0,7,0,0,60,2,134,6,0,16,25,0,0,3,174,0,0,0,14,34,0,1,25,40,49,0,53,11,0,40,189,11,0,0,2,8,9,1,5,0,2,0,0,6,0,16,1,5,0,16,13,9,3,0,3,7,14,16,7,3,15,19,7,10,16,5,40,26,4,24,48,23,14,98,13,42,11,1,0,8,3,8,29,2,0,1,12,0,280,2,1,234,0,4,3,104,57,2,1,77,1,1,11,0,11,75,68,0,50,0,0,41,0,14,10,1,12,4,0,9,204,0,97,112,0,2,6,0,1,0,39,13,58,0,0,0,2,8,15,1,57,4,8,0,1,7,7,1,6,29,33,3,1,71,48,1,173,0,0,20,18,0,50,5,10,3,1,8,3,10,9,4,0,1,57,5,3,23,14,1,19,26,9,7,1,4,3,28,16,0,28,0,18,0,19,0,26,0,0,93,1,2,50,8,1,0,4,13,0,0,3,0,1,0,65,21,0,0,4,0,21,32,2,1,10,25,50,0,6,15,5,5,1,5,17,1,6,0,78,0,6,0,0,50,1,0,2,0,222,79,0,0,30,52,0,1,115,6,62,44,2,15,0,8,45,47,0,1,211,29,6,0,0,0,1,2,220,0,9,3,0,3,6,6,1,0,1,0,0,0,0,0,0,0
I,0,0,0,0,0,2,0,0,2,0,0,0,0,0,3,25,0,0,1,0,0,1,0,0,3,1,1,0,1,0,0,0,1,2,0,0,0,1,0,0,0,1,0,1,7,0,1,3,0,0,1,0,3,0,2,0,0,0,0,0,0,0,0,2,9,3,0,0,0,0,0,2,6,0,1,0,1,2,1,4,5,0,0,0,0,1,0,0,0,0,2,8,1,2,26,1,0,2,1,2,0,1,0,0,0,1,0,0,16,1,3,6,2,1,0,1,0,4,2,6,3,0,0,0,0,0,1,0,2,3,0,3,2,0,0,2,3,5,0,2,2,3,1,2,3,4,7,0,0,0,0,0,1,4,5,0,0,26,0,69,0,15,4,6,2,5,1,0,0,0,5,14,2,0,0,0,24,7,0,8,53,0,5,0,4,0,74,1,0,0,0,0,32,0,0,1,32,67,0,0,0,3,1,0,0,6,0,80,1,0,0,1,0,1,0,1,2,14,0,1,2,1,0,20,3,2,37,32,0,2,85,16,1,0,1,3,4,10,11,0,0,0,1,4,0,0,0,1,1,2,0,0,0,0,0,1,0,28,2,0,1,0,6,0,3,0,0,91,0,0,0,0,0,0,0,0,0,74,14,4,4,0,1,0,0,9,0,18,77,0,1,68,6,8,3,15,0,0,7,6,3,9,2,3,2,1,1,0,0,0,1,3,152,9,22,4,53,0,0,18,2,1,10,2,0,0,173,0,0,3,0,0,0,0,0,0,0,0,0,0,239,0,0,0,0,0,0,0,0,0,58,222,0,0,0,0,3,0,9,59,15,0,111,0,23,0,7,19,0,2,1,1,15,71,6,2,0,0,1,0,3,222,4,0,3,14,1,0,11,1,0,8,0,26,0,2,41,23,6,30,0,1,7,0,0,2,4,0,0,5,0,22,2,1,16,57,91,0,37,3,0,5,23,4,1,2,4,15,10,1,3,1,0,1,0,8,2,5,1,0,2,96,6,5,3,1,0,4,3,13,7,2,4,5,3,8,1,17,41,7,0,1,12,0,13,7,2,19,0,1,0,0,5,0,15,3,0,10,4,0,5,0,0,7,0,1,3,1,103,1,0,7,67,0,0,0,16,87,127,0,118,0,0,15,0,3,0,5,10,1,6,21,16,0,133,18,1,1,0,0,0,0,5,38,90,0,0,0,0,5,2,0,21,2,0,0,0,2,3,3,0,20,20,4,0,131,11,0,2,0,0,30,87,0,5,20,4,0,1,0,4,1,2,3,0,1,22,5,1,5,6,1,8,10,0,0,0,0,1,13,1,0,29,0,15,0,2,0,24,0,0,39,25,1,0,0,0,0,1,0,1,2,0,5,0,1,18,2,0,0,1,3,6,14,0,0,12,4,60,1,1,1,4,10,1,0,1,7,1,0,64,0,8,0,0,3,0,0,29,0,0,43,0,0,4,155,0,0,73,14,19,18,0,2,2,0,54,33,0,4,8,0,0,0,0,0,1,0,34,0,2,1,0,0,5,2,0,0,0,0,0,0,0,0,0,0
M,2,0,0,0,0,0,0,0,15,0,0,0,0,0,0,5,1,0,0,0,0,0,0,0,3,0,0,0,0,0,0,0,0,0,0,0,0,0,0,0,0,0,1,0,1,0,0,0,0,0,2,0,0,0,22,0,0,0,0,2,0,0,0,25,3,1,0,0,0,0,1,13,5,0,1,0,1,0,1,0,0,1,0,1,0,1,1,0,0,1,0,0,0,0,0,2,1,0,0,0,0,0,0,0,0,0,2,0,2,0,1,0,0,0,0,4,3,10,0,0,0,0,0,0,0,0,1,0,0,0,1,2,0,0,0,2,0,0,0,0,0,0,0,3,0,2,1,0,0,0,0,0,1,0,0,0,0,6,2,0,0,1,0,0,0,0,2,0,0,0,1,0,0,2,0,0,4,0,0,8,0,0,5,0,4,0,28,109,13,0,0,1,27,0,0,6,16,24,0,0,0,3,0,0,0,0,0,1,0,0,0,7,0,2,0,1,0,1,0,0,0,3,0,9,1,1,0,2,0,8,0,8,2,2,1,0,0,0,2,0,1,1,0,0,2,0,0,0,1,0,0,0,0,2,0,0,1,36,1,0,7,1,47,0,1,2,0,15,0,0,0,1,9,0,0,25,0,13,79,4,15,2,4,0,0,0,1,10,7,0,4,6,11,0,3,1,1,0,2,0,0,0,0,1,1,0,0,0,1,275,3,0,1,0,4,1,4,0,23,58,0,1,129,1,0,0,0,0,0,58,0,0,0,0,0,2,0,0,12,0,0,0,0,0,0,0,2,1,0,0,0,2,1,0,0,0,49,0,15,3,42,0,20,0,7,0,0,0,8,0,0,0,20,0,1,3,0,0,4,0,3,8,0,0,0,5,0,0,25,0,0,49,0,0,0,4,150,0,2,2,0,1,2,0,0,0,1,0,0,0,0,15,2,1,4,1,9,0,3,0,2,7,7,2,0,0,1,1,0,1,34,0,0,0,1,0,0,4,0,2,0,1,4,0,0,0,0,1,1,0,12,1,0,2,3,0,3,0,1,3,0,0,1,0,0,4,0,0,1,0,0,0,2,1,3,4,0,0,2,0,10,0,0,7,0,0,0,28,9,0,0,209,188,0,8,0,256,102,4,0,13,0,0,221,0,2,1,12,2,0,0,11,28,0,23,8,1,0,1,0,0,0,8,1,4,0,0,0,0,2,94,0,12,20,1,0,0,0,0,3,0,2,9,0,11,9,3,0,2,0,0,58,2,0,0,12,55,1,0,2,4,4,5,0,0,0,7,0,0,3,0,0,1,1,2,0,0,0,0,1,4,0,21,0,14,0,13,0,94,0,0,15,0,2,6,2,0,0,1,0,1,0,0,2,0,1,1,0,0,0,0,0,6,1,0,0,1,4,22,0,3,0,1,5,0,0,1,0,1,0,0,0,0,0,0,27,0,1,1,0,63,9,0,0,5,5,0,0,55,7,7,0,0,4,0,0,3,16,0,0,51,43,1,0,0,0,1,1,0,0,151,0,0,0,0,0,0,0,0,0,0,0,0,0,0,0
C,0,0,0,0,0,0,0,0,0,0,0,0,68,0,0,0,0,0,0,0,0,0,0,0,0,0,0,0,0,0,0,0,0,0,0,0,0,0,0,0,0,0,0,0,0,0,0,0,0,0,0,0,0,0,0,0,0,0,0,0,0,0,0,0,0,0,1,0,0,0,0,0,0,0,0,0,0,0,0,0,0,0,0,0,0,0,0,0,0,0,0,0,0,0,0,0,0,0,0,0,0,0,0,0,0,0,0,0,0,0,0,0,0,0,0,0,1,0,0,0,0,0,0,0,0,0,0,0,0,0,0,0,0,0,0,0,0,0,0,0,0,3,0,0,0,0,0,0,0,0,0,139,0,0,0,0,0,0,0,0,0,0,0,0,0,0,0,0,0,0,4,0,4,0,0,0,0,0,0,0,0,0,0,0,3,0,0,1,0,0,0,0,0,0,0,0,0,0,181,0,0,0,0,0,0,0,0,0,0,0,0,0,0,0,261,0,0,0,0,0,0,0,0,0,0,0,0,0,2,0,0,0,0,0,0,0,0,0,0,0,0,0,0,3,0,0,0,0,0,0,0,0,0,0,0,0,0,0,0,0,0,0,0,1,0,0,0,0,0,0,0,0,0,0,0,0,0,0,0,3,2,0,2,0,0,0,0,0,0,276,0,0,1,0,0,0,0,1,0,0,0,0,0,0,0,5,271,0,0,0,0,0,0,0,0,0,0,0,0,0,0,0,0,0,0,0,0,0,0,0,4,0,0,0,0,0,0,0,0,0,0,0,0,0,0,0,0,0,0,0,0,0,0,0,0,0,0,0,0,0,0,0,0,0,1,0,0,0,0,0,261,1,1,0,0,0,255,0,0,0,0,0,0,0,0,0,0,0,0,0,0,0,0,0,0,0,0,0,0,105,0,0,0,0,0,0,0,105,0,1,0,0,0,0,0,0,0,0,0,0,0,0,0,2,2,0,21,0,0,0,0,0,2,278,0,0,0,0,0,0,0,0,0,0,0,0,0,0,0,0,0,1,0,0,0,0,0,0,0,0,0,0,0,0,0,0,0,8,0,0,0,0,0,2,20,254,0,0,0,0,0,0,0,0,0,0,0,0,0,1,0,1,0,0,0,0,0,0,0,0,0,0,0,0,0,0,0,3,0,0,0,0,0,0,0,3,0,0,0,0,1,0,0,0,1,0,0,3,0,0,0,0,0,0,0,0,0,0,0,0,0,0,0,0,0,0,0,0,0,0,0,0,0,0,0,0,1,1,0,5,0,0,0,0,0,0,0,0,0,0,0,0,0,0,0,0,0,0,0,0,0,0,0,0,0,0,0,0,0,0,0,0,2,0,0,0,0,0,1,0,1,1,0,0,0,0,0,0,1,0,0,0,0,0,0,0,0,0,0,0,1,1,0,0,0,0,0,0,0,0,0,0,0,0,0,0,0,0,0,0,0,0,0,0,0,0,0,0,0,0,0,0,0,0,0,0,0,0,0,0,0,0,2,0,0,0,0,0,0,0,0,0,0,0,4,0,0,0,0,0,0,0,0,0,0,0
F,0,0,0,0,0,0,2,0,1,0,0,0,0,14,0,2,0,0,1,1,0,0,1,22,0,0,0,10,0,0,0,0,0,0,1,0,0,0,0,9,0,26,0,1,0,1,1,0,0,0,0,0,78,21,35,0,0,0,0,2,2,0,27,0,23,17,0,0,0,0,0,23,5,1,0,0,4,3,1,0,0,1,0,0,0,0,3,0,0,9,0,0,3,0,2,1,5,0,0,0,0,0,0,0,16,1,46,0,36,1,0,1,0,2,2,0,5,0,0,1,4,1,1,0,0,0,1,1,12,8,0,1,2,0,0,4,1,2,1,0,0,1,0,95,0,38,1,1,0,0,0,0,1,0,58,0,0,0,0,0,0,2,1,1,2,4,104,3,3,0,0,4,0,13,0,0,0,17,0,144,2,0,1,0,2,0,3,45,3,28,4,98,148,0,0,0,15,27,5,0,2,0,184,0,0,42,0,0,0,1,0,1,0,0,0,0,1,4,0,4,0,2,0,1,16,2,14,88,0,25,32,9,0,14,2,2,2,30,10,4,0,0,1,2,0,8,0,2,260,0,13,6,0,1,8,1,2,7,0,0,0,0,0,3,11,0,0,0,0,0,0,5,0,0,0,0,0,2,31,1,0,1,10,0,0,0,0,19,3,7,0,8,4,34,0,52,2,1,1,0,0,1,0,0,4,0,0,1,2,0,0,0,0,1,0,0,0,0,5,0,7,0,42,0,0,36,0,0,0,0,25,0,0,0,0,1,0,56,206,0,0,0,0,0,1,18,0,0,0,0,0,0,0,0,0,0,0,0,1,3,0,0,1,0,4,0,0,3,261,0,3,3,7,23,3,0,0,0,0,0,2,1,0,0,0,3,0,1,20,3,0,2,0,2,0,0,12,178,0,2,0,6,220,0,0,0,122,0,0,0,0,132,24,0,3,19,35,2,9,3,0,174,6,1,1,0,0,175,25,0,21,0,0,0,1,0,1,4,2,3,3,2,16,1,1,0,15,1,8,9,1,0,0,0,2,2,6,4,5,8,0,1,2,0,1,7,0,4,1,0,0,1,1,0,0,0,0,0,1,0,1,0,0,0,0,6,23,12,3,0,0,0,2,0,0,0,15,2,26,0,2,0,0,3,0,1,0,0,10,0,0,0,30,0,2,27,0,0,1,0,1,0,3,3,2,0,0,1,0,40,11,0,0,3,0,0,0,0,0,0,1,14,6,0,1,0,6,0,1,0,0,153,20,3,0,28,5,10,0,0,0,1,72,0,1,114,3,1,0,28,1,5,4,0,0,14,0,1,20,22,72,0,47,0,125,0,10,0,51,1,0,89,1,0,2,0,0,2,0,46,1,2,0,0,2,1,0,0,0,0,233,0,1,55,12,0,0,2,70,0,0,0,0,10,0,3,0,2,113,0,70,0,2,1,0,5,0,0,1,0,0,5,0,0,28,8,0,0,2,0,0,5,0,0,0,0,7,0,0,0,7,91,0,0,0,0,2,40,0,0,1,1,0,0,0,0,0,1,0,0,0,0,0,0,0,0
Y,0,0,0,0,0,0,12,0,0,1,0,0,2,46,0,0,0,0,1,0,0,0,1,32,1,0,2,3,3,0,0,0,0,0,0,0,0,1,0,53,1,2,0,0,0,0,0,0,0,0,0,0,7,32,0,0,0,0,0,3,0,0,71,0,0,45,0,0,1,0,0,20,0,11,1,0,0,0,0,0,0,1,0,0,1,11,14,0,0,3,0,0,0,1,0,1,3,2,1,0,0,0,0,0,9,0,42,1,1,4,0,1,0,0,0,1,5,0,0,0,7,6,0,0,0,0,0,13,0,0,0,0,0,0,1,0,0,2,0,0,1,2,0,3,0,2,2,1,0,0,0,0,0,0,53,0,0,0,4,0,0,0,0,0,1,0,8,0,2,0,0,3,0,13,0,0,0,12,0,57,0,0,0,0,0,0,0,0,0,54,1,2,5,0,0,2,0,4,33,0,0,0,28,0,0,45,0,0,0,23,0,0,1,1,0,1,0,3,4,72,0,1,0,10,2,0,1,2,0,21,0,13,0,13,4,2,1,0,1,0,15,0,1,4,0,43,0,2,14,0,22,4,0,0,39,4,1,8,0,3,0,0,15,263,217,0,0,0,3,0,0,30,2,0,0,0,0,0,5,0,0,10,9,0,0,3,1,5,1,0,1,0,139,0,15,9,0,0,4,0,0,2,0,4,22,0,3,0,0,0,0,0,1,0,0,0,1,0,31,0,118,0,0,0,1,204,0,0,0,0,97,0,0,0,1,0,0,0,45,0,0,0,14,0,0,2,0,0,0,0,8,0,0,0,0,0,0,0,0,0,0,0,0,0,1,0,9,0,0,0,0,2,5,2,0,3,0,0,0,0,13,1,0,2,0,0,1,2,26,140,0,1,0,0,0,9,0,34,0,7,0,0,14,0,0,0,3,0,0,0,0,10,18,1,1,0,4,17,1,0,0,8,15,0,0,1,1,11,6,4,1,18,0,4,0,0,4,5,4,4,1,14,2,1,4,2,0,1,1,1,0,0,2,0,0,0,1,0,0,8,0,0,0,0,3,0,3,1,213,1,0,0,0,1,9,1,0,0,3,0,0,0,2,4,0,2,151,0,4,1,0,0,0,0,2,0,0,0,2,0,0,0,0,0,0,9,1,0,4,0,0,0,17,0,5,1,0,0,9,25,289,0,1,0,2,0,0,0,2,1,5,2,1,3,1,0,0,0,0,1,2,22,49,0,13,1,154,0,0,0,0,2,0,17,0,183,0,4,0,0,3,0,5,0,3,1,4,0,1,17,3,1,2,49,0,31,1,1,134,49,3,0,100,0,111,0,0,0,4,0,0,0,1,0,1,0,0,0,0,8,1,1,1,0,0,0,0,0,266,0,18,1,2,16,0,0,0,0,0,3,0,5,0,4,0,0,3,4,34,1,31,17,4,9,0,1,1,0,205,0,1,74,0,0,14,2,0,2,1,1,0,3,0,1,0,1,5,11,0,2,0,26,1,0,0,0,2,251,0,0,1,0,0,0,0,0,0,11,0,0,0,0,2,2,0,0
W,0,0,0,0,0,0,0,0,0,0,0,0,0,3,0,0,0,0,0,0,0,0,0,3,4,0,0,1,1,0,0,0,1,0,0,0,0,1,0,1,0,0,0,0,0,0,0,0,0,0,0,0,0,1,0,0,0,0,0,0,0,0,0,0,0,0,0,0,0,0,0,1,0,0,0,0,1,0,1,2,1,0,0,0,0,0,0,0,0,1,0,0,101,0,0,0,0,0,0,0,0,1,0,0,0,0,0,0,0,0,0,0,0,0,0,0,4,0,1,0,0,3,0,0,0,1,0,1,0,0,0,1,2,0,1,0,0,0,0,0,0,0,2,1,7,5,2,1,0,0,0,0,1,0,7,0,0,0,0,0,0,0,0,0,0,0,0,0,1,0,0,1,0,0,0,0,0,4,0,11,0,0,0,0,0,0,2,2,0,0,0,0,0,0,0,0,7,0,10,0,0,0,40,0,0,9,0,0,0,0,0,0,0,7,0,0,0,2,0,0,0,10,0,12,0,0,19,5,0,0,2,0,0,0,0,0,0,0,1,0,0,0,0,0,0,218,0,0,0,0,5,285,0,0,63,0,1,2,0,0,0,0,0,26,17,0,268,0,0,0,0,213,0,0,0,0,0,0,2,0,0,0,0,0,0,0,0,7,0,0,1,0,3,0,0,0,0,2,0,0,13,0,2,0,0,0,0,0,0,0,0,0,3,0,0,0,0,0,0,0,3,0,0,0,0,7,0,0,0,0,2,0,0,0,0,0,0,248,0,0,0,0,0,0,0,8,0,0,0,0,0,0,0,0,0,0,0,0,0,0,0,0,0,0,0,0,0,0,1,0,4,0,1,1,0,0,0,0,0,0,0,22,0,0,3,0,0,3,4,11,0,7,0,0,0,0,0,0,0,0,0,1,1,0,0,0,0,0,0,0,0,0,4,0,0,3,0,0,0,0,1,6,0,0,0,0,3,39,198,0,1,0,0,0,0,0,0,0,0,0,0,0,3,0,0,0,0,0,0,2,0,0,0,0,0,0,0,0,0,0,0,0,0,1,0,0,2,0,0,0,0,0,0,1,0,0,0,0,0,5,0,0,0,0,0,0,2,0,0,0,0,0,0,0,0,0,2,1,0,0,2,0,0,0,0,0,2,0,0,0,0,0,0,0,1,0,2,0,0,0,0,0,0,0,0,0,0,0,0,210,1,0,0,1,1,0,0,0,0,0,15,67,2,0,1,0,1,0,0,0,0,0,0,1,0,0,0,5,0,0,0,1,2,0,0,0,3,0,0,116,0,0,5,5,0,0,0,0,0,2,7,0,2,0,1,0,0,0,0,0,0,0,0,1,43,0,0,0,0,0,0,0,0,0,0,0,0,0,0,0,0,0,0,1,0,0,0,0,0,0,0,3,0,10,0,0,0,1,115,0,0,1,0,0,0,0,0,0,0,0,0,0,0,0,184,1,1,0,0,0,0,0,0,0,0,0,0,0,0,0,0,3,0,0,0,0,0,4,0,0,0,292,0,0,0,0,0,0,0,0,0,0,0,0,0,0
H,0,0,0,0,0,0,3,0,0,0,1,2,0,0,0,0,0,1,0,2,1,1,1,0,0,3,1,0,6,0,0,0,0,0,0,0,0,0,0,0,3,0,0,0,0,0,0,1,2,0,0,3,0,5,0,10,0,0,0,0,0,9,0,0,0,4,0,2,0,0,2,1,0,0,10,11,0,0,0,0,0,0,0,0,0,2,0,1,0,1,0,0,0,1,0,1,8,2,0,2,0,0,0,0,1,3,4,1,0,7,2,3,1,0,0,0,0,0,0,11,3,3,1,0,0,0,0,0,0,0,0,0,0,0,0,1,0,0,0,0,1,1,0,0,3,1,3,1,0,0,0,0,0,0,3,0,0,0,2,0,0,0,0,0,0,0,17,0,0,0,0,0,1,0,1,2,0,1,0,2,0,0,0,274,1,273,4,1,2,20,0,0,1,0,0,4,1,70,26,0,1,6,2,72,0,2,0,0,1,42,0,0,9,3,0,4,5,0,251,4,1,3,5,5,5,1,7,0,0,17,0,3,20,14,0,2,0,0,14,16,229,1,2,4,0,4,0,0,0,3,4,0,0,1,99,11,0,0,0,296,19,0,0,5,11,0,4,0,3,0,0,42,0,0,0,0,0,1,5,0,1,58,0,0,18,0,5,0,0,0,2,0,1,1,4,0,2,1,2,1,2,3,0,10,6,0,0,1,0,0,0,0,2,1,2,1,11,1,0,1,40,0,0,0,0,16,0,0,0,0,26,0,0,2,7,2,0,0,0,1,0,0,8,0,0,0,18,0,1,0,0,0,2,0,0,1,0,0,0,0,1,0,0,0,3,0,13,0,0,0,0,1,2,0,0,9,0,0,0,2,4,0,0,0,0,0,5,6,0,67,0,0,0,0,0,24,0,2,0,0,276,3,0,0,0,0,1,0,0,14,1,0,26,5,0,0,0,7,0,0,1,4,1,2,2,0,52,1,2,2,0,1,17,0,0,5,10,6,52,20,4,5,1,2,2,2,0,0,1,0,0,0,0,0,0,0,0,0,1,0,0,3,0,2,0,0,1,0,0,0,2,1,2,14,94,1,0,0,12,0,0,0,0,3,0,4,58,0,0,7,1,0,0,1,4,28,0,0,0,11,0,0,303,0,0,3,8,0,1,1,1,0,3,0,1,0,0,0,3,11,2,5,0,0,0,0,100,200,24,13,0,2,0,1,1,0,0,2,1,12,11,1,2,3,2,0,3,1,0,0,0,0,0,0,1,3,3,65,20,3,4,4,18,8,5,0,0,0,0,1,9,1,36,3,1,2,2,4,8,6,1,0,0,0,0,0,0,0,0,0,0,0,4,12,34,2,3,0,1,0,0,0,1,1,7,1,0,7,0,0,1,0,0,6,1,3,0,1,1,4,2,2,11,0,0,0,10,2,0,7,0,2,2,3,0,0,0,229,4,1,0,0,0,0,10,1,2,0,0,3,14,8,1,0,0,6,1,0,1,5,0,0,13,0,0,0,1,0,0,1,1,0,2,0,0,1,2,69,0,1,2,2,2,1,1,1
K,0,0,0,0,0,0,0,0,0,0,0,1,0,0,2,0,9,0,0,1,1,2,12,3,0,4,7,0,0,3,0,0,0,0,0,1,1,0,0,0,1,1,3,0,1,2,3,0,6,0,0,7,0,0,0,47,0,0,0,0,1,10,0,0,0,0,1,11,6,2,7,0,0,0,0,1,0,2,1,0,1,0,1,2,3,6,0,0,5,1,0,0,0,8,0,2,11,2,0,1,0,0,0,1,0,4,0,4,0,4,0,4,5,6,5,9,4,0,1,4,4,2,0,1,0,0,0,1,0,0,0,0,0,2,3,1,1,3,3,3,2,1,2,0,12,0,1,3,0,2,0,0,8,1,0,1,1,0,1,0,0,0,2,0,3,0,5,47,1,13,4,3,1,5,5,20,0,7,0,0,0,0,0,0,0,0,0,0,0,0,7,0,0,0,1,22,0,0,0,0,112,0,0,0,22,10,0,0,4,9,0,0,89,2,0,7,2,0,0,6,5,0,1,7,3,0,0,1,2,2,0,2,20,4,5,1,1,7,4,31,1,7,2,5,0,0,0,0,0,87,1,0,1,20,0,14,0,2,3,0,0,3,0,0,0,71,0,0,17,4,0,2,19,0,0,0,21,0,0,0,0,0,0,0,0,0,7,9,0,0,15,1,0,15,3,22,2,3,2,57,3,14,63,18,3,0,1,4,0,2,5,0,0,9,14,0,0,54,44,0,23,22,0,0,1,1,0,0,23,8,0,0,0,1,1,164,0,0,0,4,0,0,28,0,0,2,0,0,0,22,0,0,14,2,0,276,0,0,0,0,0,0,0,0,0,0,32,0,0,2,2,100,3,36,0,12,1,0,60,2,5,0,4,39,5,0,3,13,0,20,10,12,0,0,0,0,0,0,0,0,0,213,8,0,0,4,0,0,0,0,11,0,0,2,3,4,0,3,1,1,0,10,2,6,2,4,5,0,0,33,2,13,41,0,16,0,0,4,7,2,3,6,2,4,2,1,0,1,0,3,0,0,2,0,1,0,11,0,0,3,10,0,0,4,5,1,1,1,1,2,11,0,3,15,2,6,0,21,33,0,0,1,4,4,0,26,9,0,0,29,14,0,0,78,44,57,0,0,0,0,0,0,0,0,0,4,198,0,19,15,1,0,0,4,0,0,10,9,3,16,0,0,0,0,0,0,0,0,0,0,0,2,0,1,5,3,8,7,6,10,9,0,1,17,6,0,3,34,0,2,0,0,1,3,0,0,10,4,1,0,11,6,8,7,2,6,1,6,43,2,38,8,7,31,6,10,12,70,9,24,2,4,0,0,0,0,0,0,0,0,0,0,0,10,0,0,2,0,2,10,0,2,0,3,9,30,0,18,0,0,0,27,0,0,2,8,0,11,0,5,57,2,13,0,1,6,17,1,0,0,0,0,14,9,0,0,0,0,0,0,0,2,0,0,0,0,8,2,0,15,23,1,0,0,5,13,1,4,9,1,0,0,13,0,0,0,2,1,0,5,0,0,10,8,0,0,6,0,0,0,0,0,0,0,0,0
R,0,0,0,0,0,1,0,0,0,0,2,4,0,0,1,0,10,0,1,2,2,1,14,1,0,11,32,8,0,0,0,0,0,0,1,1,0,0,2,1,22,1,2,0,2,2,5,0,3,0,0,14,0,31,0,7,0,0,15,2,0,38,0,1,0,10,2,17,2,18,28,0,0,2,4,5,0,2,7,1,0,6,2,0,14,4,1,0,1,17,0,2,0,16,0,9,11,3,1,0,0,0,0,12,0,19,0,22,0,13,2,3,3,2,6,17,7,3,14,3,6,6,2,1,0,0,0,0,0,2,0,0,1,2,1,0,2,5,3,4,1,6,25,0,33,0,19,11,1,5,2,0,23,0,0,0,0,0,11,0,0,0,5,1,9,3,1,23,3,2,11,2,6,6,3,26,0,159,0,0,0,0,0,0,0,0,0,2,0,0,2,1,0,0,1,102,0,10,0,0,33,0,1,0,49,5,0,1,3,2,2,0,21,4,0,1,2,2,0,11,1,2,2,20,13,0,0,0,7,0,0,5,5,8,1,2,0,1,3,41,2,8,1,33,0,0,0,0,0,28,0,0,0,66,11,3,3,6,0,0,0,1,0,1,0,79,0,0,21,276,0,3,172,6,0,0,262,0,0,0,0,0,0,0,0,0,64,0,0,0,11,4,0,10,4,5,3,3,1,20,6,4,12,74,81,2,0,4,0,6,3,0,1,197,46,0,2,55,53,0,69,19,0,4,16,7,0,0,19,22,0,0,0,5,15,54,0,0,0,246,0,0,30,0,0,2,1,0,299,68,0,0,11,3,0,18,0,0,0,0,1,0,0,0,0,0,0,0,0,3,3,56,5,15,5,11,0,2,74,5,0,0,19,103,25,0,3,44,0,21,27,7,0,0,253,2,0,0,0,0,0,7,0,0,0,25,0,0,0,0,156,0,0,3,4,0,0,1,1,1,0,12,1,3,4,0,42,0,1,16,1,25,12,0,24,1,1,2,5,2,4,9,4,1,7,1,2,0,1,1,0,0,3,0,0,0,11,2,3,1,6,0,1,4,2,0,1,6,1,1,4,2,4,8,33,21,0,18,208,0,0,0,16,1,0,32,2,0,0,115,37,0,0,37,225,22,0,0,0,0,0,0,0,0,0,22,35,0,34,19,100,0,0,6,1,0,9,15,30,34,1,0,1,0,0,0,0,0,9,0,32,3,5,1,0,2,0,10,3,11,15,2,18,44,236,0,37,71,6,1,0,0,0,0,4,29,0,4,7,0,24,7,21,10,9,11,0,6,25,3,94,81,17,51,19,4,8,56,9,6,6,7,0,0,0,0,0,0,0,0,0,0,1,2,3,3,31,1,239,2,1,0,2,6,8,13,2,41,0,0,0,62,0,2,6,21,0,17,0,1,159,0,73,0,0,17,239,2,0,2,0,0,11,19,0,1,0,0,0,1,0,0,0,0,0,0,14,2,0,201,47,8,1,1,9,20,0,9,16,1,0,9,127,0,0,0,3,0,0,119,1,0,10,171,0,16,24,5,1,0,1,0,0,0,0,0
Q,0,0,1,5,0,1,0,2,0,0,16,10,0,0,0,0,40,0,1,5,2,1,6,0,0,6,2,1,1,5,0,0,0,0,0,0,1,1,0,0,3,0,3,0,0,0,6,2,4,0,0,1,0,0,0,20,0,0,21,0,2,4,0,2,0,1,0,8,5,4,5,1,0,1,12,3,0,1,1,1,0,1,2,0,2,3,0,2,0,2,0,3,0,7,0,6,4,4,3,1,1,2,1,4,1,5,0,7,0,5,3,5,1,1,3,22,22,0,4,1,0,1,3,0,1,0,0,0,0,1,0,1,0,0,0,5,1,1,0,1,3,6,9,0,4,1,4,0,13,10,2,0,0,2,1,0,2,0,59,0,0,0,7,2,4,1,1,3,1,3,4,6,1,37,36,8,0,5,0,0,0,2,0,0,0,0,11,3,0,4,14,0,0,0,2,10,1,2,1,0,19,0,2,0,8,24,1,1,10,7,1,0,14,1,0,6,4,2,2,7,0,13,1,5,0,2,1,0,3,12,3,0,9,3,4,1,2,3,3,5,0,1,1,29,0,0,0,9,0,1,6,0,0,12,1,7,7,13,16,0,177,199,4,0,2,2,1,0,15,15,0,0,18,0,0,126,0,0,0,3,8,13,0,1,11,1,13,26,0,0,32,4,20,4,21,17,1,8,2,1,4,4,0,20,14,2,0,1,0,0,1,18,0,3,3,267,0,85,23,0,7,30,0,200,2,2,0,0,6,153,3,0,0,0,1,16,1,0,0,13,0,0,3,0,2,24,138,0,3,70,0,0,15,121,0,6,0,0,0,0,1,0,0,0,0,0,9,0,0,1,2,2,83,8,6,122,0,1,12,9,52,0,6,12,58,0,19,10,0,17,6,5,0,0,1,61,0,28,0,0,0,24,0,3,0,12,0,0,0,0,2,2,3,15,2,0,0,21,0,1,118,3,0,9,2,6,17,0,1,78,0,26,18,0,6,5,3,69,19,2,7,26,30,1,5,4,1,5,4,4,4,2,4,0,12,1,0,4,2,2,3,39,25,3,7,2,2,7,4,3,6,1,3,16,63,2,5,15,7,0,0,3,4,1,0,9,7,0,0,46,13,0,1,26,4,1,0,0,0,1,0,0,0,6,0,8,6,0,5,20,48,0,0,5,11,0,20,38,16,15,0,0,0,0,0,0,0,0,3,1,1,0,3,0,1,5,0,0,0,5,8,38,2,20,10,0,1,31,17,0,0,1,0,0,72,1,1,3,21,1,14,6,5,15,17,9,0,7,14,0,10,76,4,6,21,5,10,3,5,6,2,1,0,0,0,0,0,0,1,4,0,0,1,32,130,0,4,0,3,2,0,3,22,12,1,5,2,17,0,0,1,5,0,0,5,2,0,7,0,5,29,199,21,2,0,50,2,3,3,0,1,0,10,2,0,3,0,44,0,0,7,0,0,1,16,0,29,14,0,10,37,42,1,1,78,35,7,2,17,29,0,1,6,0,0,6,2,0,0,89,0,0,5,6,0,16,9,2,0,2,0,0,0,0,0,0
N,0,0,0,1,1,0,2,3,0,1,29,1,0,0,0,0,0,0,3,0,17,6,7,1,3,5,0,2,1,3,0,0,0,0,3,6,1,3,2,0,0,1,1,7,2,3,0,3,1,0,1,1,0,0,0,0,0,0,1,0,0,1,0,0,0,1,3,5,2,1,3,1,0,1,0,7,2,3,7,0,0,0,0,1,0,4,0,4,5,3,3,1,0,3,0,10,1,2,0,1,0,4,2,2,1,2,0,1,0,3,16,1,4,10,9,2,3,0,1,0,13,2,9,2,1,1,1,0,0,0,2,0,2,12,5,3,9,10,13,4,5,8,2,0,4,0,1,0,3,4,7,1,2,3,3,0,0,0,1,2,134,0,2,0,11,0,4,1,1,0,3,16,0,36,4,8,0,1,0,0,0,1,1,0,55,0,0,13,1,89,3,0,0,0,2,17,0,19,1,0,1,2,0,6,1,6,0,1,0,0,0,0,5,16,0,5,4,17,2,2,2,46,2,7,4,1,3,3,0,91,2,0,24,4,9,17,4,19,5,15,0,6,6,7,0,1,0,5,0,18,4,1,0,20,21,50,5,3,4,0,2,1,57,0,0,1,0,0,3,0,0,0,1,3,0,0,6,0,0,23,167,5,0,2,52,276,23,0,0,1,19,2,22,10,13,0,37,1,0,13,1,6,16,14,79,7,0,64,0,1,11,6,0,3,0,0,0,7,3,0,8,5,0,0,13,3,0,1,5,0,16,2,0,0,6,4,0,0,0,0,0,0,1,16,0,0,0,0,0,3,0,1,47,5,9,3,0,0,0,0,0,0,0,0,15,0,23,0,0,44,1,8,1,11,2,6,0,12,1,2,7,0,2,2,4,1,19,1,0,2,14,0,0,0,0,9,0,0,0,1,29,4,1,20,289,0,0,0,0,9,1,0,1,44,4,0,0,214,0,2,154,3,1,12,4,24,1,0,1,19,0,3,11,1,4,8,7,3,13,132,9,8,3,3,9,9,4,2,4,6,4,7,0,5,4,0,0,4,2,1,8,2,6,9,3,13,1,5,1,0,1,4,2,17,6,2,293,4,6,0,0,2,2,0,0,2,1,0,0,32,1,0,0,6,0,21,0,0,0,8,0,0,0,0,0,3,2,0,0,26,3,0,0,6,0,0,2,3,7,22,0,0,0,0,15,0,0,2,4,3,2,9,1,0,13,4,1,4,2,5,29,28,1,9,0,0,0,9,8,2,0,1,1,3,1,0,17,29,23,1,13,4,10,4,9,2,0,10,6,1,2,11,19,6,3,3,8,11,1,4,5,3,0,0,0,0,0,0,0,269,0,0,5,6,1,4,13,16,0,4,13,21,2,0,108,2,0,6,0,0,0,1,1,0,20,4,0,0,0,17,0,5,5,0,2,30,0,1,2,9,0,230,1,2,0,4,0,14,5,0,0,0,0,1,0,0,0,4,0,2,28,12,0,2,9,2,1,0,25,4,0,3,56,0,0,2,6,0,0,0,2,0,1,5,0,3,3,6,0,0,1,1,0,0,1,0
E,0,0,1,3,0,0,1,1,0,1,0,0,0,0,0,0,3,0,10,7,0,1,0,0,0,0,0,1,1,0,0,0,0,1,0,0,2,5,2,0,3,0,4,2,2,1,5,3,8,0,41,0,0,0,0,12,0,0,4,0,0,6,0,3,0,0,0,0,5,7,6,0,0,0,3,5,1,1,1,7,1,0,0,1,4,12,0,2,16,2,0,26,0,4,0,13,7,6,4,0,2,1,1,7,2,2,0,0,0,1,1,2,2,2,3,1,0,0,2,0,1,7,3,0,0,1,0,0,0,0,0,1,0,5,1,3,3,11,4,12,17,4,9,1,4,1,17,7,1,18,1,0,8,13,0,0,124,3,61,0,0,0,15,1,62,1,6,0,0,4,4,4,4,4,11,66,0,1,0,0,0,10,0,0,0,0,0,1,0,8,175,0,0,0,2,13,0,1,0,0,24,0,1,1,49,7,0,0,27,21,0,0,10,1,0,26,83,0,3,9,8,8,0,11,2,2,1,4,147,0,4,3,4,6,5,5,0,15,10,8,1,20,10,8,0,0,0,11,0,14,8,0,0,1,0,14,0,1,0,0,83,0,0,0,27,10,0,0,240,1,0,0,14,0,0,8,0,0,1,0,0,5,0,0,53,0,66,2,0,1,71,1,3,5,8,3,1,0,1,0,0,3,3,4,4,4,5,5,166,6,47,2,0,30,4,28,0,27,24,0,4,97,0,55,12,2,0,0,6,13,15,0,0,4,0,22,0,0,0,32,0,0,9,1,2,55,108,0,2,55,1,0,66,41,1,0,0,0,0,0,1,2,0,305,0,3,153,0,0,1,2,1,45,2,4,22,1,0,45,66,20,0,31,30,34,0,7,199,0,7,20,0,0,0,0,4,0,27,0,0,0,12,0,1,0,0,0,0,0,0,0,0,12,61,4,3,0,12,0,0,5,0,8,62,3,0,13,3,0,46,0,154,19,0,19,23,25,24,16,6,22,8,7,1,4,9,6,0,2,4,2,7,1,3,5,2,0,10,6,1,11,7,1,10,32,2,0,17,5,2,20,4,16,5,0,1,0,3,2,0,0,0,51,19,0,141,2,0,0,31,52,0,0,33,2,0,0,0,0,156,0,2,0,0,13,34,4,0,0,16,23,0,0,37,3,0,198,40,36,8,0,0,0,0,0,0,1,0,0,1,2,33,4,0,0,4,11,1,0,34,25,4,0,90,2,0,0,25,5,1,0,0,0,0,1,0,3,4,11,13,73,15,5,16,24,4,0,39,107,2,8,23,9,17,51,3,28,6,2,3,1,0,4,0,0,0,0,0,0,0,0,0,1,8,2,0,4,0,0,14,6,10,10,1,14,5,3,21,0,0,0,7,0,13,4,3,3,9,1,27,2,14,2,2,1,82,0,13,0,6,2,0,27,33,0,0,0,2,3,0,0,1,0,10,2,0,170,24,0,8,14,20,0,4,26,53,4,9,35,12,0,15,1,0,0,282,4,0,0,8,0,0,194,2,0,142,1,0,0,2,0,0,0,0,0,0
D,0,0,0,4,0,0,5,0,0,2,0,0,0,1,0,0,2,4,5,3,3,3,3,0,0,0,1,7,17,0,0,0,0,0,13,10,9,14,0,1,1,0,14,4,4,12,0,10,17,1,3,0,0,0,0,1,0,0,15,0,2,2,0,0,0,0,45,2,51,0,9,1,0,5,1,18,8,3,5,4,1,0,2,2,16,14,0,4,32,10,0,49,0,2,0,12,1,14,18,5,4,8,10,1,1,1,0,1,0,2,2,7,5,7,13,3,1,0,4,0,17,12,9,3,0,0,0,0,0,0,12,0,0,10,2,3,9,12,13,11,3,6,5,4,4,0,2,2,4,15,14,0,3,28,0,3,87,0,18,4,33,0,7,0,16,10,11,5,0,2,0,80,19,62,13,32,0,2,0,0,0,261,4,0,18,0,0,2,0,19,7,1,0,0,0,17,0,0,0,0,26,0,10,48,13,10,1,0,16,81,0,0,12,212,1,19,79,6,0,3,6,102,3,0,1,51,0,2,57,8,1,0,8,2,17,23,29,67,17,2,3,195,0,32,0,0,1,24,0,12,177,0,0,1,2,150,10,0,0,0,0,0,6,0,0,13,0,0,0,2,0,0,17,1,0,0,0,0,0,0,6,96,0,0,12,1,13,4,0,1,15,0,0,4,3,0,3,0,9,1,1,6,1,88,6,45,2,214,95,2,99,20,0,31,0,0,0,17,22,0,0,69,0,13,141,0,0,263,4,0,0,0,0,0,0,2,27,0,0,2,0,0,8,95,0,15,31,0,0,17,0,0,3,52,5,0,0,0,0,0,0,0,0,0,0,32,14,0,3,36,6,6,5,11,13,8,0,56,4,22,152,0,186,5,5,0,226,7,0,1,61,0,7,0,0,0,0,0,0,0,0,10,0,277,0,3,0,0,1,0,5,0,204,20,21,0,0,3,0,1,0,0,0,4,0,3,4,4,21,35,0,27,31,1,21,24,17,31,9,12,29,8,2,19,34,9,16,3,8,6,1,15,4,0,12,1,4,24,8,0,39,4,2,42,27,2,1,10,6,51,10,2,23,13,4,0,0,1,0,1,0,0,80,8,0,13,1,0,0,14,0,0,0,74,0,3,0,0,0,126,0,265,0,0,2,4,4,0,0,66,51,0,0,171,0,0,18,14,6,19,0,0,0,0,0,0,3,6,9,1,6,161,5,0,3,8,5,2,1,11,70,7,0,35,4,0,0,10,3,1,0,0,0,0,2,0,4,8,59,19,16,27,23,23,26,6,1,34,9,12,9,12,7,21,14,14,52,9,3,26,2,1,0,0,0,0,0,298,0,0,0,0,0,16,0,0,15,1,7,11,51,81,16,5,37,7,2,4,0,0,1,1,0,5,141,9,1,1,0,158,0,1,0,1,2,30,1,3,0,248,0,39,1,208,0,0,1,2,1,0,0,0,0,281,0,0,4,230,1,7,1,7,3,13,47,57,16,3,123,158,0,1,5,0,0,6,2,0,0,26,0,0,3,1,0,7,4,0,0,4,1,0,0,0,0,0
S,0,1,2,0,4,0,0,16,0,1,2,2,0,0,7,0,1,44,1,5,13,3,2,0,0,4,1,4,5,1,1,1,0,0,10,3,2,9,14,1,4,2,14,8,8,22,5,9,18,2,5,6,0,0,0,0,0,10,4,0,4,13,0,0,0,3,1,10,7,6,5,0,1,9,15,24,8,6,6,0,0,7,0,4,9,11,0,39,4,12,12,0,0,5,0,14,6,19,6,1,2,3,2,3,1,7,0,26,0,8,39,6,18,6,3,7,6,2,6,11,13,4,8,1,0,1,0,0,0,1,3,3,5,17,5,18,14,12,18,22,18,18,17,0,12,0,4,5,8,25,7,3,6,11,3,0,2,72,16,4,11,0,44,0,6,4,11,17,1,9,12,17,41,14,3,9,0,10,0,1,0,0,12,0,38,0,0,20,106,17,0,11,2,2,0,16,0,1,5,3,12,2,0,109,0,7,0,0,4,3,1,0,2,6,12,12,32,5,2,9,15,5,1,64,2,4,4,13,0,20,1,1,47,4,5,24,3,5,1,19,13,11,1,4,1,1,0,28,1,15,10,0,1,26,8,18,211,4,26,0,6,3,41,1,1,6,15,0,0,3,41,0,0,38,0,0,15,0,2,3,16,30,3,0,43,9,11,6,0,3,84,3,5,11,2,5,4,1,1,14,4,4,2,10,7,117,0,4,10,2,19,134,1,1,2,2,4,4,5,15,1,10,0,0,12,0,0,0,4,0,44,0,0,0,1,9,6,0,0,0,0,0,15,131,64,11,1,0,0,28,0,0,13,28,0,0,0,0,0,1,0,22,2,0,11,256,7,0,0,4,2,18,6,12,0,9,1,62,8,9,16,1,4,16,5,0,4,4,0,2,32,1,0,0,43,136,0,0,5,0,0,1,3,0,11,6,0,22,0,17,1,1,2,79,4,1,1,3,12,3,2,2,2,106,17,4,28,7,7,10,8,4,21,7,12,6,9,3,7,11,3,2,5,25,16,9,2,4,4,1,4,2,7,6,2,4,2,2,11,5,3,4,4,6,20,3,1,35,2,13,32,7,26,8,4,1,1,18,0,4,0,40,30,1,0,6,2,0,0,7,3,1,0,13,0,1,0,0,0,0,0,2,0,5,254,2,8,42,5,21,16,13,0,18,0,9,9,39,6,48,0,49,0,1,34,244,164,5,166,1,41,11,10,6,3,1,2,2,9,17,23,3,7,6,1,0,1,18,9,1,1,0,14,24,37,5,2,33,30,52,10,13,4,9,16,50,0,15,5,1,1,4,16,4,5,3,4,11,9,4,3,3,1,3,0,5,72,0,0,11,0,0,9,19,2,2,14,1,6,14,17,12,3,12,19,2,3,15,0,2,0,12,136,1,11,14,62,14,0,9,1,20,6,42,8,26,2,5,2,12,0,1,4,1,0,2,13,1,2,1,1,0,5,1,0,0,3,12,0,1,3,9,9,17,10,10,2,1,9,4,0,27,24,113,12,1,91,0,0,1,0,0,7,6,39,1,19,1,3,0,0,0,0,0,0,0
T,0,5,6,0,1,0,0,0,0,0,0,0,0,0,10,0,0,3,2,9,14,2,4,1,1,3,4,2,6,2,1,0,5,0,2,3,1,3,4,1,8,5,17,4,13,23,3,9,1,1,14,4,0,4,2,0,0,62,6,0,0,6,0,1,0,10,11,11,6,3,7,0,3,12,4,3,7,8,6,6,2,2,2,2,11,9,1,13,4,4,21,1,0,53,1,20,9,21,4,0,6,0,0,0,2,12,0,35,0,28,0,30,11,34,2,3,7,4,16,10,3,5,9,1,0,0,0,0,0,1,0,5,17,12,6,8,19,7,12,22,6,36,19,1,26,0,23,8,13,47,5,1,27,21,3,0,1,1,12,36,1,7,111,0,43,14,3,40,2,12,100,37,3,5,1,17,2,6,0,7,0,0,30,0,68,0,1,46,14,12,4,3,0,0,2,1,3,0,1,0,9,27,0,0,9,0,0,0,47,1,0,1,9,1,0,6,7,4,0,13,39,4,0,26,26,3,5,2,0,10,3,109,9,15,7,44,1,14,15,45,0,0,117,32,0,0,0,192,0,25,1,0,0,18,1,17,50,7,193,3,4,9,65,1,0,19,0,0,0,0,6,0,0,0,0,1,1,3,4,38,24,0,5,33,67,0,3,19,0,1,13,4,23,9,18,3,5,6,6,2,0,4,10,12,21,16,7,3,18,4,58,31,1,3,7,0,7,13,6,87,5,1,1,4,7,0,0,0,10,0,0,0,0,14,3,12,0,0,0,1,0,0,146,58,3,2,0,1,0,10,6,0,4,0,0,0,0,0,0,35,0,0,6,0,128,1,8,6,1,0,9,30,16,28,4,16,2,117,20,5,11,1,11,11,1,0,8,1,0,0,2,0,0,0,4,22,0,3,2,39,0,0,7,4,4,0,0,7,0,48,2,2,4,11,59,3,8,3,7,5,4,0,3,11,216,6,93,9,0,37,115,16,39,2,82,32,27,22,2,10,35,8,2,9,8,2,2,2,5,7,3,16,14,1,4,2,2,4,4,3,10,8,2,1,41,10,4,12,2,3,7,12,20,6,2,0,0,91,1,9,0,252,15,5,0,5,11,28,0,6,1,1,5,2,0,0,0,1,0,0,17,0,0,1,0,4,0,56,26,25,2,79,0,15,3,22,0,4,8,3,0,2,0,1,12,24,11,21,23,2,30,29,24,2,4,1,0,25,33,10,18,14,82,4,0,1,2,4,26,0,0,2,12,57,4,1,38,8,8,8,12,21,6,30,12,12,2,12,10,4,3,15,68,4,6,3,15,5,3,7,17,2,9,3,0,1,105,0,32,0,0,2,3,8,16,20,1,0,1,10,26,9,4,15,14,10,5,89,0,1,1,119,31,12,6,3,43,80,0,11,0,4,64,145,1,24,1,140,20,1,2,5,130,1,0,17,0,5,1,0,2,2,1,1,1,3,13,1,1,7,12,13,4,5,27,18,7,7,10,5,2,5,16,0,5,0,17,0,17,19,117,0,1,2,49,7,5,0,2,0,1,0,0,0,0,0
-,311,307,302,300,295,289,286,262,247,247,246,244,243,243,243,243,243,243,244,258,248,248,245,246,245,245,245,268,264,297,297,301,301,299,259,282,272,240,239,238,238,238,236,239,245,237,233,233,231,227,226,225,218,218,216,216,216,216,216,216,215,215,215,215,215,215,215,215,215,215,215,215,215,217,217,215,215,229,230,271,287,288,288,284,216,213,209,209,207,207,207,207,207,206,206,206,203,204,225,291,294,282,279,274,274,221,217,198,202,202,202,202,202,202,203,214,213,208,213,212,217,234,235,301,301,301,294,294,293,293,293,247,240,215,201,204,194,189,196,192,176,175,173,171,170,168,172,172,236,165,151,150,150,148,145,92,90,89,86,84,91,93,94,92,96,105,96,110,267,100,84,77,73,69,68,56,44,44,39,39,39,39,39,39,39,39,39,39,39,39,38,38,38,38,38,56,37,37,37,37,37,37,37,38,38,41,67,68,68,68,56,48,49,39,38,38,46,223,46,49,48,44,40,38,37,38,40,47,56,46,44,52,120,155,87,134,39,58,58,50,34,34,34,33,31,31,31,28,26,25,25,10,10,10,12,10,10,10,10,10,10,10,10,10,10,10,10,10,10,10,10,10,10,9,8,8,8,8,8,8,8,8,8,8,8,8,8,8,8,8,8,8,8,92,171,134,225,163,177,185,259,241,168,10,8,25,8,8,8,8,8,8,8,8,8,8,8,9,9,9,9,9,9,9,9,32,49,49,49,49,51,51,50,49,11,9,9,9,8,8,8,8,8,8,8,8,8,8,8,8,8,8,8,8,8,8,8,8,8,8,8,8,8,8,8,8,8,8,8,8,8,9,33,40,251,44,44,44,41,37,12,12,11,11,10,10,9,9,9,9,9,9,8,8,8,8,8,8,8,8,8,8,8,8,8,8,8,8,8,8,8,8,9,14,9,13,13,17,17,17,17,17,32,32,48,14,14,13,12,13,34,10,38,10,11,11,35,53,125,58,65,69,132,201,165,240,235,232,232,231,235,218,217,219,219,233,234,156,157,159,171,180,182,163,46,44,52,52,50,76,147,238,146,10,10,10,10,10,10,10,10,10,10,11,10,10,10,10,10,10,10,10,10,10,10,10,10,10,10,10,10,10,10,11,12,12,12,12,12,12,12,12,12,12,12,12,12,38,117,13,13,13,13,67,13,13,14,13,14,14,15,18,135,244,259,259,269,240,218,93,20,20,20,15,15,15,15,15,15,15,15,15,15,15,15,15,15,31,15,90,92,93,96,106,89,89,141,141,71,19,22,22,20,21,23,197,78,72,51,17,15,15,15,15,15,15,15,15,15,15,15,15,15,15,15,15,15,17,15,17,21,42,224,226,55,47,45,45,45,47,47,47,47,49,48,110,46,46,44,47,42,15,15,14,19,14,14,14,14,14,14,14,14,14,14,14,14,14,14,14,14,14,14,14,14,14,14,14,14,14,14,14,27,18,16,16,40,40,40,14,14,14,14,14,14,14,14,14,14,14,15,15,23,29,58,104,168,216,300,303,307,309,309,310,311,312
other,0,0,0,0,0,0,0,0,0,0,0,0,0,0,0,0,0,0,0,0,0,0,0,0,0,0,0,0,0,0,0,0,0,0,0,0,0,0,0,0,0,0,0,0,0,0,0,0,0,0,0,0,0,0,0,0,0,0,0,0,0,0,0,0,0,0,0,0,0,0,0,0,0,0,0,0,0,0,0,0,0,0,0,0,0,0,0,0,0,0,0,0,0,0,0,0,0,0,0,0,0,0,0,0,0,0,0,0,0,0,0,0,0,0,0,0,0,0,0,0,0,0,0,0,0,0,0,0,0,0,0,0,0,0,0,0,0,0,0,0,0,0,0,0,0,0,0,0,0,0,0,0,0,0,0,0,0,0,0,0,0,0,0,0,0,0,0,0,0,0,0,0,0,0,0,0,0,0,0,0,0,0,0,0,0,0,0,0,0,0,0,0,0,0,0,0,0,0,0,0,0,0,0,0,0,0,0,0,0,0,0,0,0,0,0,0,0,0,0,0,0,0,0,0,0,0,0,0,0,0,0,0,0,0,0,0,0,0,0,0,0,0,0,0,0,0,0,0,0,0,0,0,0,0,0,0,0,0,0,0,0,0,0,0,0,0,0,0,0,0,0,0,0,0,0,0,0,0,0,0,0,0,0,0,0,0,0,0,0,0,0,0,0,0,0,0,0,0,0,0,0,0,0,0,0,0,0,0,0,0,0,0,0,0,0,0,0,0,0,0,0,0,0,0,0,0,0,0,0,0,0,0,0,0,0,0,0,0,0,0,0,0,0,0,0,0,0,0,0,0,0,0,0,0,0,0,0,0,0,0,0,0,0,0,0,0,0,0,0,0,0,0,0,0,0,0,0,0,0,0,0,0,0,0,0,0,0,0,0,0,0,0,0,0,0,0,0,0,0,0,0,0,0,0,0,0,0,0,0,0,0,0,0,0,0,0,0,0,0,0,0,0,0,0,0,0,0,0,0,0,0,0,0,0,0,0,0,0,0,0,0,0,0,0,0,0,0,0,0,0,0,0,0,0,0,0,0,0,0,0,0,0,0,0,0,0,0,0,0,0,0,0,0,0,0,0,0,0,0,0,0,0,0,0,0,0,0,0,0,0,0,0,0,0,0,0,0,0,0,0,0,0,0,0,0,0,0,0,0,0,0,0,0,0,0,0,0,0,0,0,0,0,0,0,0,0,0,0,0,0,0,0,0,0,0,0,0,0,0,0,0,0,0,0,0,0,0,0,0,0,0,0,0,0,0,0,0,0,0,0,0,0,0,0,0,0,0,0,0,0,0,0,0,0,0,0,0,0,0,0,0,0,0,0,0,0,0,0,0,0,0,0,0,0,0,0,0,0,0,0,0,0,0,0,0,0,0,0,0,0,0,0,0,0,0,0,0,0,0,0,0,0,0,0,0,0,0,0,0,0,0,0,0,0,0,0,0,0,0,0,0,0,0,0,0,0,0,0,0,0,0,0,0,0,0,0,0,0,0,0,0,0,0,0,0,0,0,0,0,0,0,0,0,0,0,0,0,0,0,0,0,0,0,0,0,0
